Middle layer Super Output Areas Code,Middle layer Super Output Areas,Observation
E02000001,City of London 001,2975
E02000002,Barking and Dagenham 001,3831
E02000003,Barking and Dagenham 002,5389.7
E02000004,Barking and Dagenham 003,2663.6
E02000005,Barking and Dagenham 004,9327.5
E02000007,Barking and Dagenham 006,5854.4
E02000008,Barking and Dagenham 007,9331.6
E02000009,Barking and Dagenham 008,13380.5
E02000010,Barking and Dagenham 009,8458.9
E02000011,Barking and Dagenham 010,4410.6
E02000012,Barking and Dagenham 011,8852.6
E02000013,Barking and Dagenham 012,7203.7
E02000014,Barking and Dagenham 013,8269.8
E02000015,Barking and Dagenham 014,6042
E02000016,Barking and Dagenham 015,11925.1
E02000017,Barking and Dagenham 016,10419.9
E02000018,Barking and Dagenham 017,7034.9
E02000019,Barking and Dagenham 018,3187.3
E02000020,Barking and Dagenham 019,4116.3
E02000021,Barking and Dagenham 020,3043.2
E02000022,Barking and Dagenham 021,10270.7
E02000023,Barking and Dagenham 022,4594.6
E02000024,Barnet 001,2888.2
E02000025,Barnet 002,3573
E02000026,Barnet 003,4404.8
E02000027,Barnet 004,5761.1
E02000028,Barnet 005,6189.5
E02000029,Barnet 006,5745.1
E02000030,Barnet 007,648.7
E02000031,Barnet 008,4296.5
E02000032,Barnet 009,5679.6
E02000033,Barnet 010,5007
E02000034,Barnet 011,5831.7
E02000035,Barnet 012,6573.2
E02000036,Barnet 013,6265.1
E02000037,Barnet 014,2505.6
E02000038,Barnet 015,6082
E02000039,Barnet 016,3362.3
E02000040,Barnet 017,1772.8
E02000041,Barnet 018,7008.4
E02000042,Barnet 019,9531.6
E02000043,Barnet 020,5157.7
E02000044,Barnet 021,7986.3
E02000045,Barnet 022,6065.4
E02000046,Barnet 023,7170.7
E02000047,Barnet 024,8715.6
E02000048,Barnet 025,3334
E02000049,Barnet 026,13360.4
E02000050,Barnet 027,4893.4
E02000051,Barnet 028,6322
E02000052,Barnet 029,10163
E02000054,Barnet 031,5086
E02000055,Barnet 032,8140.7
E02000056,Barnet 033,2829.1
E02000057,Barnet 034,7322.5
E02000058,Barnet 035,5639.7
E02000059,Barnet 036,5298.8
E02000060,Barnet 037,9376.2
E02000061,Barnet 038,5257.7
E02000062,Barnet 039,3785.4
E02000063,Barnet 040,7309.9
E02000064,Barnet 041,8402.4
E02000065,Bexley 001,2519.8
E02000066,Bexley 002,5995.7
E02000067,Bexley 003,4431.3
E02000068,Bexley 004,3607
E02000069,Bexley 005,4969.3
E02000070,Bexley 006,4370.2
E02000071,Bexley 007,6509.4
E02000072,Bexley 008,2952.4
E02000073,Bexley 009,6704.2
E02000074,Bexley 010,7851.3
E02000075,Bexley 011,5201.3
E02000077,Bexley 013,7283.6
E02000078,Bexley 014,5331.7
E02000079,Bexley 015,5321.9
E02000080,Bexley 016,5949.3
E02000081,Bexley 017,3765.9
E02000082,Bexley 018,6234
E02000083,Bexley 019,3013.2
E02000084,Bexley 020,4285.5
E02000085,Bexley 021,4903.3
E02000086,Bexley 022,4822
E02000087,Bexley 023,2209
E02000088,Bexley 024,3877.3
E02000089,Bexley 025,5753.5
E02000090,Bexley 026,5326.6
E02000091,Bexley 027,3718.2
E02000092,Bexley 028,1127
E02000093,Brent 001,8624
E02000094,Brent 002,8989.3
E02000095,Brent 003,6754.3
E02000096,Brent 004,4666.5
E02000097,Brent 005,5094.1
E02000098,Brent 006,4755
E02000099,Brent 007,7426.4
E02000100,Brent 008,4003.6
E02000101,Brent 009,7078.6
E02000102,Brent 010,6126.2
E02000103,Brent 011,5628.1
E02000104,Brent 012,6774.7
E02000105,Brent 013,7185.9
E02000106,Brent 014,7719.2
E02000107,Brent 015,11458
E02000108,Brent 016,8929.8
E02000110,Brent 018,10230.3
E02000111,Brent 019,10002.7
E02000112,Brent 020,9259.9
E02000113,Brent 021,6491
E02000114,Brent 022,14668.2
E02000115,Brent 023,10160.3
E02000116,Brent 024,7798
E02000117,Brent 025,14306.7
E02000118,Brent 026,9150.8
E02000119,Brent 027,4131.8
E02000120,Brent 028,17810.7
E02000121,Brent 029,8770.4
E02000122,Brent 030,6798.9
E02000123,Brent 031,13118.8
E02000124,Brent 032,9078.8
E02000125,Brent 033,12981.6
E02000126,Brent 034,18710
E02000127,Bromley 001,4192.1
E02000128,Bromley 002,3070.2
E02000130,Bromley 004,5669.5
E02000131,Bromley 005,5935.1
E02000132,Bromley 006,5660.2
E02000133,Bromley 007,1799.1
E02000134,Bromley 008,6072.2
E02000135,Bromley 009,8530.7
E02000136,Bromley 010,1260
E02000137,Bromley 011,4512.7
E02000138,Bromley 012,4077.5
E02000139,Bromley 013,5020.8
E02000140,Bromley 014,4599.2
E02000141,Bromley 015,7749.7
E02000142,Bromley 016,4953.6
E02000144,Bromley 018,5068.8
E02000145,Bromley 019,782.2
E02000146,Bromley 020,5378.9
E02000147,Bromley 021,3639.7
E02000148,Bromley 022,2395.3
E02000149,Bromley 023,4346.2
E02000150,Bromley 024,2768
E02000151,Bromley 025,3589.3
E02000152,Bromley 026,3095.1
E02000153,Bromley 027,3605.7
E02000154,Bromley 028,4088.4
E02000155,Bromley 029,3936
E02000156,Bromley 030,3198.1
E02000157,Bromley 031,3418.3
E02000158,Bromley 032,3605.6
E02000159,Bromley 033,1209.1
E02000160,Bromley 034,958.5
E02000161,Bromley 035,5062.2
E02000162,Bromley 036,558.1
E02000163,Bromley 037,682.4
E02000165,Bromley 039,1266.7
E02000166,Camden 001,2561.3
E02000167,Camden 002,3458.4
E02000168,Camden 003,11479.6
E02000169,Camden 004,6393.2
E02000170,Camden 005,10264.5
E02000171,Camden 006,14174.5
E02000172,Camden 007,14951.4
E02000173,Camden 008,9622.4
E02000174,Camden 009,14812.2
E02000175,Camden 010,13135.7
E02000176,Camden 011,14874.2
E02000177,Camden 012,16204.7
E02000178,Camden 013,15844.5
E02000179,Camden 014,15019.6
E02000180,Camden 015,16228.6
E02000181,Camden 016,14936.2
E02000182,Camden 017,8919.7
E02000183,Camden 018,9835.4
E02000184,Camden 019,13399.5
E02000185,Camden 020,18813.8
E02000186,Camden 021,6201.9
E02000187,Camden 022,10104.3
E02000188,Camden 023,14140.2
E02000191,Camden 026,8311.8
E02000192,Camden 027,15417.9
E02000193,Camden 028,5469.8
E02000194,Croydon 001,6615.7
E02000195,Croydon 002,4983.5
E02000196,Croydon 003,6455.7
E02000197,Croydon 004,9091.4
E02000198,Croydon 005,9965.2
E02000199,Croydon 006,9752
E02000200,Croydon 007,7253.7
E02000201,Croydon 008,10119.9
E02000202,Croydon 009,12146.6
E02000203,Croydon 010,10294.7
E02000204,Croydon 011,8884.7
E02000206,Croydon 013,7404
E02000207,Croydon 014,7174.4
E02000208,Croydon 015,12407.8
E02000209,Croydon 016,9043.5
E02000210,Croydon 017,11239.7
E02000211,Croydon 018,4930.3
E02000212,Croydon 019,7622.5
E02000213,Croydon 020,12415.6
E02000214,Croydon 021,6048.5
E02000215,Croydon 022,11984.4
E02000216,Croydon 023,3275.6
E02000217,Croydon 024,8332.2
E02000218,Croydon 025,5862
E02000219,Croydon 026,1336.2
E02000221,Croydon 028,3870.4
E02000222,Croydon 029,4485.9
E02000223,Croydon 030,8868.8
E02000224,Croydon 031,6288
E02000225,Croydon 032,4597.8
E02000226,Croydon 033,2320.7
E02000227,Croydon 034,2539.2
E02000228,Croydon 035,2542
E02000229,Croydon 036,4725.4
E02000230,Croydon 037,4016.4
E02000231,Croydon 038,2358.3
E02000232,Croydon 039,1417.7
E02000233,Croydon 040,4010.1
E02000234,Croydon 041,3038.5
E02000235,Croydon 042,1277.1
E02000236,Croydon 043,2554.1
E02000237,Croydon 044,1535.7
E02000238,Ealing 001,7024.2
E02000239,Ealing 002,3839.5
E02000240,Ealing 003,6489.3
E02000241,Ealing 004,5667.1
E02000242,Ealing 005,7749
E02000243,Ealing 006,3064.3
E02000244,Ealing 007,4390.6
E02000245,Ealing 008,5622.8
E02000246,Ealing 009,4598.5
E02000247,Ealing 010,7978.7
E02000248,Ealing 011,4468.2
E02000249,Ealing 012,6553.5
E02000250,Ealing 013,6499.2
E02000251,Ealing 014,8795.9
E02000252,Ealing 015,3828.6
E02000253,Ealing 016,8945.8
E02000254,Ealing 017,8846.3
E02000255,Ealing 018,6369.6
E02000256,Ealing 019,8376.4
E02000258,Ealing 021,6683.1
E02000259,Ealing 022,5151.4
E02000260,Ealing 023,9057.2
E02000261,Ealing 024,9698.7
E02000262,Ealing 025,13214.6
E02000263,Ealing 026,11096.2
E02000264,Ealing 027,5912.2
E02000265,Ealing 028,11080.2
E02000266,Ealing 029,3390.4
E02000267,Ealing 030,10814.8
E02000268,Ealing 031,6975.3
E02000269,Ealing 032,9226.2
E02000270,Ealing 033,12064.5
E02000271,Ealing 034,9295.2
E02000272,Ealing 035,5599.8
E02000275,Ealing 038,6968
E02000276,Ealing 039,8035.4
E02000277,Enfield 001,7186.2
E02000278,Enfield 002,7177.1
E02000279,Enfield 003,4724.1
E02000280,Enfield 004,554.7
E02000281,Enfield 005,5087.2
E02000282,Enfield 006,7877
E02000283,Enfield 007,7486.4
E02000284,Enfield 008,6814.5
E02000285,Enfield 009,6742.1
E02000286,Enfield 010,4235.4
E02000287,Enfield 011,829.5
E02000288,Enfield 012,6039.9
E02000289,Enfield 013,1991.7
E02000290,Enfield 014,1368.7
E02000291,Enfield 015,8780.8
E02000292,Enfield 016,5236.1
E02000293,Enfield 017,2963.1
E02000294,Enfield 018,6245.2
E02000295,Enfield 019,5363.5
E02000296,Enfield 020,5739.1
E02000297,Enfield 021,5799.8
E02000298,Enfield 022,4126.5
E02000299,Enfield 023,10825.4
E02000300,Enfield 024,11396.4
E02000301,Enfield 025,5611.7
E02000302,Enfield 026,5485.4
E02000303,Enfield 027,6735.6
E02000304,Enfield 028,4673.4
E02000305,Enfield 029,9238.3
E02000306,Enfield 030,4372.4
E02000307,Enfield 031,9143.7
E02000308,Enfield 032,7634.4
E02000309,Enfield 033,7239.6
E02000311,Enfield 035,7441.1
E02000312,Enfield 036,8626.3
E02000313,Greenwich 001,8880.5
E02000314,Greenwich 002,4429.6
E02000315,Greenwich 003,8274.1
E02000317,Greenwich 005,11584.2
E02000318,Greenwich 006,10014.5
E02000319,Greenwich 007,11482.6
E02000320,Greenwich 008,4822.6
E02000321,Greenwich 009,12403.2
E02000323,Greenwich 011,16893.5
E02000324,Greenwich 012,6035.3
E02000326,Greenwich 014,10679.3
E02000327,Greenwich 015,3563.9
E02000328,Greenwich 016,7432.1
E02000329,Greenwich 017,3591.6
E02000331,Greenwich 019,8295.6
E02000332,Greenwich 020,3694.1
E02000333,Greenwich 021,4948.9
E02000334,Greenwich 022,4791.8
E02000335,Greenwich 023,5158
E02000337,Greenwich 025,6062
E02000339,Greenwich 027,5006.8
E02000340,Greenwich 028,2104.4
E02000341,Greenwich 029,4462.5
E02000342,Greenwich 030,4652.2
E02000343,Greenwich 031,5607.5
E02000344,Greenwich 032,4977.6
E02000345,Hackney 001,13394.9
E02000346,Hackney 002,16131.1
E02000347,Hackney 003,11888.3
E02000348,Hackney 004,14511.3
E02000350,Hackney 006,18077.7
E02000351,Hackney 007,17770.8
E02000352,Hackney 008,8850
E02000353,Hackney 009,13897.2
E02000354,Hackney 010,12111.2
E02000355,Hackney 011,12488.9
E02000356,Hackney 012,17436.8
E02000357,Hackney 013,4495.6
E02000358,Hackney 014,17988.6
E02000359,Hackney 015,15335.5
E02000360,Hackney 016,21076.5
E02000361,Hackney 017,13557.7
E02000362,Hackney 018,5373.2
E02000363,Hackney 019,19916.2
E02000364,Hackney 020,13870.6
E02000366,Hackney 022,12943.7
E02000367,Hackney 023,14100.1
E02000368,Hackney 024,15622.7
E02000369,Hackney 025,20695.1
E02000370,Hackney 026,18158.2
E02000372,Hammersmith and Fulham 001,2901.9
E02000373,Hammersmith and Fulham 002,17236
E02000374,Hammersmith and Fulham 003,13942.3
E02000375,Hammersmith and Fulham 004,9992
E02000376,Hammersmith and Fulham 005,16343.9
E02000377,Hammersmith and Fulham 006,17572.1
E02000378,Hammersmith and Fulham 007,21858.6
E02000379,Hammersmith and Fulham 008,10887.1
E02000380,Hammersmith and Fulham 009,15634.4
E02000381,Hammersmith and Fulham 010,13798.8
E02000382,Hammersmith and Fulham 011,10022.7
E02000383,Hammersmith and Fulham 012,14093.9
E02000384,Hammersmith and Fulham 013,10560.8
E02000385,Hammersmith and Fulham 014,14045.5
E02000386,Hammersmith and Fulham 015,17334.2
E02000387,Hammersmith and Fulham 016,14767.2
E02000388,Hammersmith and Fulham 017,16284.8
E02000389,Hammersmith and Fulham 018,13776.9
E02000390,Hammersmith and Fulham 019,17812
E02000391,Hammersmith and Fulham 020,11402.2
E02000392,Hammersmith and Fulham 021,16682.9
E02000393,Hammersmith and Fulham 022,16779
E02000394,Hammersmith and Fulham 023,14096.3
E02000395,Hammersmith and Fulham 024,5828.6
E02000396,Hammersmith and Fulham 025,11042.1
E02000397,Haringey 001,14022
E02000398,Haringey 002,6312.1
E02000400,Haringey 004,5988.5
E02000401,Haringey 005,9194.9
E02000402,Haringey 006,6809
E02000403,Haringey 007,8827.4
E02000404,Haringey 008,11091.9
E02000405,Haringey 009,3633
E02000406,Haringey 010,14704.2
E02000407,Haringey 011,14566.2
E02000408,Haringey 012,15936.7
E02000409,Haringey 013,8730.9
E02000410,Haringey 014,8533.4
E02000411,Haringey 015,8199.8
E02000412,Haringey 016,9491.9
E02000413,Haringey 017,6366.2
E02000414,Haringey 018,17296
E02000415,Haringey 019,10282.6
E02000416,Haringey 020,13445.2
E02000417,Haringey 021,6187.2
E02000418,Haringey 022,7615
E02000419,Haringey 023,13601.1
E02000420,Haringey 024,13836.8
E02000421,Haringey 025,10857.3
E02000422,Haringey 026,13750
E02000423,Haringey 027,12449.5
E02000424,Haringey 028,10139.6
E02000425,Haringey 029,15099.8
E02000426,Haringey 030,2912.3
E02000427,Haringey 031,6166.7
E02000428,Haringey 032,14136.8
E02000429,Haringey 033,6927.4
E02000430,Haringey 034,10516.6
E02000431,Haringey 035,9599.5
E02000432,Haringey 036,11420
E02000433,Harrow 001,1361.2
E02000434,Harrow 002,5017.6
E02000435,Harrow 003,4533.7
E02000436,Harrow 004,1219.4
E02000437,Harrow 005,6272.4
E02000438,Harrow 006,4880.9
E02000439,Harrow 007,8710.9
E02000440,Harrow 008,6423.9
E02000441,Harrow 009,3202.6
E02000442,Harrow 010,8409.2
E02000443,Harrow 011,10987.6
E02000444,Harrow 012,7964
E02000445,Harrow 013,9410.9
E02000447,Harrow 015,3856.9
E02000448,Harrow 016,4109.5
E02000449,Harrow 017,9033
E02000451,Harrow 019,4196.5
E02000452,Harrow 020,8450.1
E02000453,Harrow 021,8109.5
E02000454,Harrow 022,4684.1
E02000455,Harrow 023,9470.8
E02000456,Harrow 024,8453.6
E02000457,Harrow 025,6085.3
E02000459,Harrow 027,7774.3
E02000460,Harrow 028,8443.4
E02000461,Harrow 029,2738.3
E02000462,Harrow 030,6985.5
E02000463,Harrow 031,9371.4
E02000464,Havering 001,1324.3
E02000465,Havering 002,3337.3
E02000466,Havering 003,1444.7
E02000467,Havering 004,8433.6
E02000468,Havering 005,2113
E02000469,Havering 006,4248.9
E02000470,Havering 007,1446.5
E02000471,Havering 008,3653.8
E02000472,Havering 009,6167.9
E02000473,Havering 010,3674.7
E02000474,Havering 011,4161
E02000475,Havering 012,3430.1
E02000476,Havering 013,5976.6
E02000477,Havering 014,5450.7
E02000478,Havering 015,2404.1
E02000479,Havering 016,6871.5
E02000480,Havering 017,4100.7
E02000481,Havering 018,672.5
E02000482,Havering 019,2327.9
E02000483,Havering 020,4991.9
E02000484,Havering 021,4588.8
E02000485,Havering 022,4048.3
E02000486,Havering 023,5771.8
E02000487,Havering 024,614.3
E02000488,Havering 025,4144.7
E02000489,Havering 026,3321.9
E02000490,Havering 027,4128
E02000491,Havering 028,2216.4
E02000492,Havering 029,486.3
E02000493,Havering 030,5226.1
E02000494,Hillingdon 001,1279.2
E02000495,Hillingdon 002,3819.1
E02000496,Hillingdon 003,512.4
E02000497,Hillingdon 004,3523.6
E02000498,Hillingdon 005,2032.3
E02000499,Hillingdon 006,4803.3
E02000500,Hillingdon 007,2856.6
E02000501,Hillingdon 008,5899.3
E02000502,Hillingdon 009,2143.3
E02000503,Hillingdon 010,6296.6
E02000504,Hillingdon 011,2494.5
E02000506,Hillingdon 013,1451.3
E02000507,Hillingdon 014,3066.5
E02000508,Hillingdon 015,4350
E02000509,Hillingdon 016,5241.1
E02000510,Hillingdon 017,4277.7
E02000511,Hillingdon 018,4158.6
E02000512,Hillingdon 019,6269
E02000513,Hillingdon 020,6633.6
E02000514,Hillingdon 021,8900.9
E02000515,Hillingdon 022,4216.5
E02000516,Hillingdon 023,5224.5
E02000517,Hillingdon 024,6767.1
E02000518,Hillingdon 025,3817.4
E02000519,Hillingdon 026,5259
E02000520,Hillingdon 027,3224.6
E02000521,Hillingdon 028,5374.9
E02000522,Hillingdon 029,6100.1
E02000523,Hillingdon 030,6906.9
E02000524,Hillingdon 031,367.4
E02000525,Hillingdon 032,2473.7
E02000526,Hounslow 001,9345.6
E02000529,Hounslow 004,8221.4
E02000530,Hounslow 005,2981.8
E02000531,Hounslow 006,4527.3
E02000532,Hounslow 007,3920
E02000533,Hounslow 008,7912.2
E02000534,Hounslow 009,1758.6
E02000535,Hounslow 010,6485.6
E02000536,Hounslow 011,6749.1
E02000537,Hounslow 012,5214.2
E02000538,Hounslow 013,4291.5
E02000539,Hounslow 014,7425.6
E02000540,Hounslow 015,9666.7
E02000541,Hounslow 016,10069.2
E02000542,Hounslow 017,11762
E02000543,Hounslow 018,12233.3
E02000544,Hounslow 019,6175.2
E02000545,Hounslow 020,7037.7
E02000546,Hounslow 021,4238.4
E02000547,Hounslow 022,3369.3
E02000548,Hounslow 023,2997.3
E02000549,Hounslow 024,5106.5
E02000550,Hounslow 025,11335.4
E02000551,Hounslow 026,4578.4
E02000552,Hounslow 027,3025.4
E02000553,Hounslow 028,2821.2
E02000554,Islington 001,14685.3
E02000555,Islington 002,16056
E02000556,Islington 003,17510.8
E02000557,Islington 004,12394.9
E02000558,Islington 005,19619.4
E02000559,Islington 006,16609.5
E02000560,Islington 007,14619.4
E02000561,Islington 008,12040.7
E02000562,Islington 009,12137.3
E02000563,Islington 010,14966.4
E02000564,Islington 011,15377
E02000565,Islington 012,16654.3
E02000566,Islington 013,12215.9
E02000567,Islington 014,15710.4
E02000568,Islington 015,12560.4
E02000569,Islington 016,14190.5
E02000570,Islington 017,13782.4
E02000571,Islington 018,17861.9
E02000572,Islington 019,18765.3
E02000573,Islington 020,14250.4
E02000574,Islington 021,12879
E02000575,Islington 022,12169.8
E02000576,Islington 023,14117.7
E02000577,Kensington and Chelsea 001,8849
E02000578,Kensington and Chelsea 002,11687.8
E02000579,Kensington and Chelsea 003,14730.5
E02000580,Kensington and Chelsea 004,19931.8
E02000581,Kensington and Chelsea 005,17134.9
E02000582,Kensington and Chelsea 006,13407.8
E02000583,Kensington and Chelsea 007,11167.5
E02000584,Kensington and Chelsea 008,7870.8
E02000585,Kensington and Chelsea 009,8908.5
E02000586,Kensington and Chelsea 010,12324.4
E02000587,Kensington and Chelsea 011,12437.3
E02000588,Kensington and Chelsea 012,7800.5
E02000589,Kensington and Chelsea 013,19552.3
E02000590,Kensington and Chelsea 014,12972.9
E02000591,Kensington and Chelsea 015,17221.3
E02000592,Kensington and Chelsea 016,10156.8
E02000593,Kensington and Chelsea 017,14839.4
E02000594,Kensington and Chelsea 018,8343.4
E02000595,Kensington and Chelsea 019,9699.4
E02000596,Kensington and Chelsea 020,12083.3
E02000597,Kensington and Chelsea 021,16040.5
E02000598,Kingston upon Thames 001,6083.6
E02000599,Kingston upon Thames 002,1686.5
E02000600,Kingston upon Thames 003,7564.2
E02000601,Kingston upon Thames 004,11112.8
E02000602,Kingston upon Thames 005,9571.2
E02000603,Kingston upon Thames 006,6524.1
E02000604,Kingston upon Thames 007,6029.1
E02000605,Kingston upon Thames 008,5902.9
E02000606,Kingston upon Thames 009,7050.1
E02000607,Kingston upon Thames 010,4716.1
E02000608,Kingston upon Thames 011,8765.4
E02000609,Kingston upon Thames 012,5174
E02000610,Kingston upon Thames 013,7146.2
E02000611,Kingston upon Thames 014,4135.6
E02000612,Kingston upon Thames 015,4372.8
E02000613,Kingston upon Thames 016,6725.7
E02000614,Kingston upon Thames 017,3147.4
E02000615,Kingston upon Thames 018,4817.5
E02000616,Kingston upon Thames 019,4620.7
E02000617,Kingston upon Thames 020,1252.6
E02000619,Lambeth 002,16582.8
E02000620,Lambeth 003,13499.2
E02000621,Lambeth 004,17174.2
E02000622,Lambeth 005,10789.6
E02000623,Lambeth 006,17136.9
E02000624,Lambeth 007,16729.2
E02000625,Lambeth 008,16779.1
E02000626,Lambeth 009,15045
E02000627,Lambeth 010,18154.7
E02000628,Lambeth 011,16445.6
E02000629,Lambeth 012,14212
E02000630,Lambeth 013,11108.2
E02000631,Lambeth 014,8947
E02000632,Lambeth 015,18151.9
E02000633,Lambeth 016,14500.6
E02000634,Lambeth 017,12994.2
E02000635,Lambeth 018,7896.3
E02000636,Lambeth 019,8353.5
E02000637,Lambeth 020,14384.5
E02000638,Lambeth 021,14968.6
E02000639,Lambeth 022,14241
E02000640,Lambeth 023,11359.2
E02000641,Lambeth 024,14129
E02000642,Lambeth 025,9047.2
E02000643,Lambeth 026,13395.2
E02000644,Lambeth 027,9421.7
E02000645,Lambeth 028,8413.2
E02000646,Lambeth 029,10021.1
E02000647,Lambeth 030,8881.5
E02000648,Lambeth 031,11111.9
E02000649,Lambeth 032,12043.4
E02000650,Lambeth 033,9926.2
E02000651,Lambeth 034,7803.9
E02000652,Lambeth 035,10998.1
E02000653,Lewisham 001,18645.4
E02000654,Lewisham 002,9287.5
E02000655,Lewisham 003,10508.9
E02000657,Lewisham 005,11336.7
E02000658,Lewisham 006,11135.7
E02000659,Lewisham 007,7859.4
E02000660,Lewisham 008,10100.9
E02000661,Lewisham 009,5046.2
E02000662,Lewisham 010,10772.7
E02000663,Lewisham 011,10361.3
E02000665,Lewisham 013,10189.9
E02000666,Lewisham 014,7550.7
E02000667,Lewisham 015,9193
E02000668,Lewisham 016,6798.1
E02000669,Lewisham 017,12413.6
E02000670,Lewisham 018,10790
E02000671,Lewisham 019,8790.1
E02000672,Lewisham 020,8860.5
E02000673,Lewisham 021,7676.9
E02000674,Lewisham 022,10341.3
E02000675,Lewisham 023,5949.2
E02000676,Lewisham 024,10480
E02000677,Lewisham 025,6865.4
E02000678,Lewisham 026,6736.7
E02000679,Lewisham 027,8664.1
E02000680,Lewisham 028,9170
E02000681,Lewisham 029,6258.7
E02000682,Lewisham 030,7504
E02000683,Lewisham 031,7056.6
E02000685,Lewisham 033,8407.6
E02000686,Lewisham 034,4353.3
E02000687,Lewisham 035,10636.9
E02000689,Merton 001,4645.7
E02000690,Merton 002,1022.6
E02000691,Merton 003,7923.1
E02000692,Merton 004,6690.3
E02000693,Merton 005,9406.2
E02000694,Merton 006,11754.9
E02000695,Merton 007,10712.9
E02000696,Merton 008,11646.4
E02000697,Merton 009,7535.8
E02000698,Merton 010,4692.8
E02000699,Merton 011,8825.6
E02000700,Merton 012,9394.7
E02000701,Merton 013,9418.7
E02000702,Merton 014,5982.4
E02000703,Merton 015,5399
E02000704,Merton 016,5146
E02000705,Merton 017,7512.1
E02000706,Merton 018,11093.3
E02000707,Merton 019,7162.2
E02000708,Merton 020,5398.5
E02000709,Merton 021,4645.4
E02000710,Merton 022,2847.6
E02000711,Merton 023,7096.5
E02000712,Merton 024,5929
E02000713,Merton 025,5088
E02000714,Newham 001,14037.9
E02000715,Newham 002,16767
E02000716,Newham 003,4691.1
E02000717,Newham 004,16818.3
E02000718,Newham 005,11847.7
E02000719,Newham 006,11631.9
E02000720,Newham 007,14275.6
E02000721,Newham 008,16184.5
E02000722,Newham 009,18000.9
E02000723,Newham 010,15765.4
E02000724,Newham 011,20175.1
E02000725,Newham 012,12598.7
E02000727,Newham 014,21589
E02000728,Newham 015,13006.4
E02000729,Newham 016,10404.7
E02000730,Newham 017,19725.9
E02000731,Newham 018,17149.3
E02000732,Newham 019,20154
E02000733,Newham 020,13641.4
E02000734,Newham 021,19180.5
E02000735,Newham 022,15708.8
E02000736,Newham 023,7344.4
E02000737,Newham 024,12342.7
E02000738,Newham 025,20855.8
E02000739,Newham 026,17035.7
E02000740,Newham 027,5348.6
E02000741,Newham 028,10913.3
E02000742,Newham 029,11003.8
E02000743,Newham 030,16407.6
E02000744,Newham 031,15329.2
E02000745,Newham 032,11870.8
E02000746,Newham 033,2237
E02000747,Newham 034,6901.7
E02000748,Newham 035,4711.9
E02000749,Newham 036,6731
E02000751,Redbridge 001,3629.4
E02000752,Redbridge 002,1798
E02000753,Redbridge 003,9134.1
E02000754,Redbridge 004,5489.5
E02000755,Redbridge 005,4073.2
E02000756,Redbridge 006,4061
E02000757,Redbridge 007,8308
E02000758,Redbridge 008,6005.2
E02000759,Redbridge 009,5582.9
E02000760,Redbridge 010,7250.5
E02000762,Redbridge 012,8261.8
E02000763,Redbridge 013,1036.1
E02000764,Redbridge 014,6195
E02000765,Redbridge 015,10376.4
E02000767,Redbridge 017,9835.8
E02000768,Redbridge 018,3407.1
E02000770,Redbridge 020,6975.4
E02000772,Redbridge 022,5974.2
E02000773,Redbridge 023,11274.2
E02000774,Redbridge 024,11940.8
E02000776,Redbridge 026,11725.8
E02000777,Redbridge 027,1715.6
E02000779,Redbridge 029,9418.2
E02000781,Redbridge 031,8648
E02000782,Redbridge 032,16771.8
E02000783,Redbridge 033,13056.1
E02000784,Richmond upon Thames 001,3837.1
E02000785,Richmond upon Thames 002,2397.3
E02000786,Richmond upon Thames 003,6171.4
E02000787,Richmond upon Thames 004,6867.4
E02000788,Richmond upon Thames 005,8385.4
E02000789,Richmond upon Thames 006,3432.7
E02000790,Richmond upon Thames 007,8290.3
E02000791,Richmond upon Thames 008,5779.6
E02000792,Richmond upon Thames 009,5739.1
E02000793,Richmond upon Thames 010,6110.2
E02000794,Richmond upon Thames 011,4790.7
E02000795,Richmond upon Thames 012,573.2
E02000796,Richmond upon Thames 013,5797.7
E02000797,Richmond upon Thames 014,8635.7
E02000798,Richmond upon Thames 015,4603.8
E02000799,Richmond upon Thames 016,5139.7
E02000800,Richmond upon Thames 017,2951.5
E02000801,Richmond upon Thames 018,7181.8
E02000802,Richmond upon Thames 019,4844.4
E02000803,Richmond upon Thames 020,4983.3
E02000804,Richmond upon Thames 021,1907.2
E02000805,Richmond upon Thames 022,3923.2
E02000806,Richmond upon Thames 023,1497.6
E02000807,Southwark 001,11517.6
E02000808,Southwark 002,9669.1
E02000810,Southwark 004,17338.6
E02000812,Southwark 006,15374.1
E02000813,Southwark 007,11445.4
E02000814,Southwark 008,10488.2
E02000815,Southwark 009,18072.2
E02000816,Southwark 010,12650.1
E02000817,Southwark 011,10297.4
E02000818,Southwark 012,16725.3
E02000819,Southwark 013,15832.7
E02000820,Southwark 014,20539.9
E02000821,Southwark 015,13031.6
E02000822,Southwark 016,14021.3
E02000823,Southwark 017,13494.4
E02000824,Southwark 018,10198.8
E02000825,Southwark 019,19201.9
E02000826,Southwark 020,17965.5
E02000827,Southwark 021,16604.5
E02000828,Southwark 022,13848.2
E02000829,Southwark 023,13778.5
E02000830,Southwark 024,10630.6
E02000831,Southwark 025,11605.7
E02000832,Southwark 026,11452.9
E02000833,Southwark 027,9060.9
E02000834,Southwark 028,7735.7
E02000835,Southwark 029,5259.9
E02000836,Southwark 030,10975
E02000837,Southwark 031,3595.3
E02000838,Southwark 032,8877.4
E02000839,Southwark 033,3070.2
E02000840,Sutton 001,6815.6
E02000841,Sutton 002,7954.3
E02000842,Sutton 003,5116.2
E02000843,Sutton 004,7410.6
E02000844,Sutton 005,8564.5
E02000845,Sutton 006,6252.9
E02000846,Sutton 007,5574.3
E02000847,Sutton 008,6110.6
E02000848,Sutton 009,7081.7
E02000849,Sutton 010,6849
E02000850,Sutton 011,2176
E02000851,Sutton 012,10142.8
E02000852,Sutton 013,8593.7
E02000853,Sutton 014,6554.1
E02000854,Sutton 015,4678.3
E02000855,Sutton 016,4408.4
E02000856,Sutton 017,7448.5
E02000857,Sutton 018,8816
E02000858,Sutton 019,5589.5
E02000859,Sutton 020,4961.7
E02000860,Sutton 021,10003.4
E02000861,Sutton 022,3035
E02000863,Sutton 024,1026.3
E02000864,Tower Hamlets 001,8921.9
E02000865,Tower Hamlets 002,17164.7
E02000866,Tower Hamlets 003,9385.5
E02000867,Tower Hamlets 004,14002.5
E02000868,Tower Hamlets 005,20022.3
E02000869,Tower Hamlets 006,18453.6
E02000870,Tower Hamlets 007,16129.1
E02000871,Tower Hamlets 008,17205.6
E02000872,Tower Hamlets 009,17811.1
E02000873,Tower Hamlets 010,19512.7
E02000874,Tower Hamlets 011,21860.6
E02000875,Tower Hamlets 012,20328
E02000876,Tower Hamlets 013,13507.9
E02000877,Tower Hamlets 014,17094.6
E02000878,Tower Hamlets 015,16342.4
E02000879,Tower Hamlets 016,18799
E02000880,Tower Hamlets 017,17487.2
E02000881,Tower Hamlets 018,15345.7
E02000882,Tower Hamlets 019,20022.6
E02000883,Tower Hamlets 020,19634.2
E02000884,Tower Hamlets 021,23407.9
E02000885,Tower Hamlets 022,20863.6
E02000886,Tower Hamlets 023,19686
E02000887,Tower Hamlets 024,18539.3
E02000888,Tower Hamlets 025,16554
E02000889,Tower Hamlets 026,15462.2
E02000890,Tower Hamlets 027,10365.4
E02000893,Tower Hamlets 030,10363.4
E02000894,Tower Hamlets 031,20093.1
E02000895,Waltham Forest 001,3818.2
E02000896,Waltham Forest 002,3314.9
E02000897,Waltham Forest 003,4554
E02000898,Waltham Forest 004,5231.2
E02000899,Waltham Forest 005,7321.1
E02000900,Waltham Forest 006,5777.1
E02000901,Waltham Forest 007,6099.6
E02000902,Waltham Forest 008,8189.4
E02000903,Waltham Forest 009,5225.3
E02000904,Waltham Forest 010,5773
E02000905,Waltham Forest 011,9980.9
E02000906,Waltham Forest 012,15617.2
E02000907,Waltham Forest 013,11839.7
E02000908,Waltham Forest 014,5478.3
E02000909,Waltham Forest 015,6641.1
E02000910,Waltham Forest 016,14452.5
E02000911,Waltham Forest 017,14557
E02000912,Waltham Forest 018,3897.3
E02000913,Waltham Forest 019,9119.5
E02000914,Waltham Forest 020,16866.3
E02000915,Waltham Forest 021,5430.9
E02000916,Waltham Forest 022,4752.8
E02000917,Waltham Forest 023,14122.2
E02000918,Waltham Forest 024,11202.8
E02000919,Waltham Forest 025,16424.9
E02000920,Waltham Forest 026,5894.9
E02000921,Waltham Forest 027,13330.6
E02000922,Waltham Forest 028,16022.4
E02000923,Wandsworth 001,7040.2
E02000925,Wandsworth 003,17865.2
E02000926,Wandsworth 004,18464.5
E02000927,Wandsworth 005,15770.8
E02000928,Wandsworth 006,8896.9
E02000929,Wandsworth 007,20109.2
E02000930,Wandsworth 008,12436.5
E02000931,Wandsworth 009,11079.7
E02000932,Wandsworth 010,10147
E02000933,Wandsworth 011,8249.9
E02000934,Wandsworth 012,11356.5
E02000935,Wandsworth 013,5163.5
E02000936,Wandsworth 014,10388.2
E02000937,Wandsworth 015,6656.1
E02000938,Wandsworth 016,6116.7
E02000939,Wandsworth 017,10736
E02000940,Wandsworth 018,13302.9
E02000941,Wandsworth 019,9524.5
E02000942,Wandsworth 020,9576.8
E02000943,Wandsworth 021,12359.7
E02000944,Wandsworth 022,13036.4
E02000945,Wandsworth 023,3548.6
E02000946,Wandsworth 024,7913.5
E02000947,Wandsworth 025,11216.4
E02000948,Wandsworth 026,7554.4
E02000949,Wandsworth 027,7154.7
E02000950,Wandsworth 028,8832.1
E02000951,Wandsworth 029,13063.2
E02000952,Wandsworth 030,11006.4
E02000953,Wandsworth 031,10898.9
E02000954,Wandsworth 032,13540.5
E02000955,Wandsworth 033,12279.9
E02000956,Wandsworth 034,8655.1
E02000957,Wandsworth 035,14606
E02000958,Wandsworth 036,9290.5
E02000959,Wandsworth 037,15054.5
E02000960,Westminster 001,6671.7
E02000961,Westminster 002,12093.7
E02000962,Westminster 003,11101
E02000963,Westminster 004,21601.3
E02000964,Westminster 005,23873.4
E02000965,Westminster 006,16034.2
E02000966,Westminster 007,16518.5
E02000967,Westminster 008,4282.9
E02000968,Westminster 009,23792.3
E02000969,Westminster 010,17689.2
E02000970,Westminster 011,6306.6
E02000971,Westminster 012,13815.9
E02000972,Westminster 013,6095.9
E02000973,Westminster 014,18357
E02000974,Westminster 015,12628.8
E02000975,Westminster 016,15308.6
E02000976,Westminster 017,18262.9
E02000977,Westminster 018,2544.4
E02000978,Westminster 019,1983.7
E02000979,Westminster 020,5836
E02000980,Westminster 021,19573.7
E02000981,Westminster 022,22719
E02000982,Westminster 023,11712.9
E02000983,Westminster 024,20298.1
E02006782,Bromley 040,3125.9
E02006783,Lewisham 037,8284.8
E02006784,Lewisham 038,5521.8
E02006785,Bexley 029,4868.1
E02006786,Greenwich 033,6075.6
E02006787,Bromley 041,5232.7
E02006788,Croydon 045,5461.4
E02006789,Bromley 042,302.3
E02006791,Ealing 040,11038.8
E02006792,Hounslow 029,6210.9
E02006793,Enfield 037,9733.6
E02006794,Haringey 037,11949.8
E02006795,Harrow 032,8560
E02006796,Hillingdon 033,2254.1
E02006798,Lewisham 039,10835.1
E02006799,Barking and Dagenham 023,10355.2
E02006800,Redbridge 034,8921.4
E02006801,Lambeth 036,7465.1
E02006802,Southwark 034,13445.4
E02006836,Sutton 025,2614.2
E02006853,Tower Hamlets 032,21999.2
E02006854,Tower Hamlets 033,7699.9
E02006882,Harrow 033,6763.8
E02006918,Hackney 028,16184.2
E02006921,Hackney 029,17508.3
E02006924,Redbridge 035,5652.5
E02006925,Redbridge 036,5788.4
E02006927,Greenwich 034,4904.4
E02006928,Greenwich 035,22365.5
E02006930,Greenwich 037,11345.9
E02006931,Greenwich 038,4745.2
E02006941,Southwark 035,14233.7
E02006942,Southwark 036,17104.5
E02006953,Barnet 042,13134.2
E02006954,Barnet 043,11865.5
E02006955,Brent 035,12326.4
E02006956,Brent 036,6631.1
E02006968,Ealing 041,5705.8
E02006969,Ealing 042,8954.6
E02006970,Ealing 043,15127.7
E02006971,Ealing 044,8731.6
E02006972,Hounslow 030,3508.1
E02006973,Hounslow 031,10975.6
E02006987,Croydon 046,10263.1
E02006988,Croydon 047,9210.3
E02006991,Greenwich 039,14760.6
E02006992,Greenwich 040,4853.4
E02006993,Greenwich 041,9852.2
E02006994,Greenwich 042,5305.9
E02006995,Newham 038,11926
E02006996,Newham 039,8765.2
E02006997,Newham 040,4028.3
E02006998,Newham 041,3378.8
E02006999,Newham 042,9214.1
E02007008,Lewisham 040,15861.3
E02007009,Lewisham 041,8701.7
E02007017,Redbridge 037,9766.2
E02007018,Redbridge 038,11883
E02007019,Redbridge 039,11459.2
E02007020,Redbridge 040,15218.1
E02007083,Wandsworth 038,6930.6
E02007084,Wandsworth 039,10916.1
E02007108,Hackney 030,16214.5
E02007109,Hackney 031,12726.1
E02007110,Hackney 032,20912.7
E02007111,Hackney 033,9203.3
E02007112,Tower Hamlets 034,15118
E02007113,Tower Hamlets 035,10702.9
E02007114,Tower Hamlets 036,17398.8
E02007115,Camden 029,17336.9
