MSOA21CD,MSOA21NM,Asian,Black,Mixed_or_Multiple,Other,White,total_population,Asian_pct,Black_pct,Mixed_or_Multiple_pct,White_pct,Other_pct
E02000001,City of London 001,1445.0,232.0,470.0,482.0,5955.0,8584.0,16.83,2.7,5.48,69.37,5.62
E02000002,Barking and Dagenham 001,1843.0,1737.0,408.0,251.0,4043.0,8282.0,22.25,20.97,4.93,48.82,3.03
E02000003,Barking and Dagenham 002,4032.0,1800.0,484.0,530.0,4692.0,11538.0,34.95,15.6,4.19,40.67,4.59
E02000004,Barking and Dagenham 003,1053.0,946.0,246.0,222.0,4175.0,6642.0,15.85,14.24,3.7,62.86,3.34
E02000005,Barking and Dagenham 004,3333.0,1957.0,477.0,397.0,4917.0,11081.0,30.08,17.66,4.3,44.37,3.58
E02000007,Barking and Dagenham 006,1491.0,2654.0,426.0,409.0,5184.0,10164.0,14.67,26.11,4.19,51.0,4.02
E02000008,Barking and Dagenham 007,2485.0,2560.0,544.0,426.0,7239.0,13254.0,18.75,19.31,4.1,54.62,3.21
E02000009,Barking and Dagenham 008,3105.0,2941.0,618.0,532.0,5668.0,12864.0,24.14,22.86,4.8,44.06,4.14
E02000010,Barking and Dagenham 009,1491.0,1886.0,379.0,298.0,5432.0,9486.0,15.72,19.88,4.0,57.26,3.14
E02000011,Barking and Dagenham 010,1530.0,1402.0,234.0,233.0,3630.0,7029.0,21.77,19.95,3.33,51.64,3.31
E02000012,Barking and Dagenham 011,6763.0,1030.0,360.0,380.0,2977.0,11510.0,58.76,8.95,3.13,25.86,3.3
E02000013,Barking and Dagenham 012,1577.0,1933.0,410.0,187.0,5292.0,9399.0,16.78,20.57,4.36,56.3,1.99
E02000014,Barking and Dagenham 013,1519.0,1868.0,311.0,219.0,5947.0,9864.0,15.4,18.94,3.15,60.29,2.22
E02000015,Barking and Dagenham 014,1128.0,2527.0,401.0,214.0,3958.0,8228.0,13.71,30.71,4.87,48.1,2.6
E02000016,Barking and Dagenham 015,3865.0,2816.0,534.0,454.0,2899.0,10568.0,36.57,26.65,5.05,27.43,4.3
E02000017,Barking and Dagenham 016,4422.0,1083.0,328.0,401.0,2900.0,9134.0,48.41,11.86,3.59,31.75,4.39
E02000018,Barking and Dagenham 017,1928.0,1962.0,391.0,292.0,4979.0,9552.0,20.18,20.54,4.09,52.13,3.06
E02000019,Barking and Dagenham 018,1720.0,2201.0,443.0,260.0,5037.0,9661.0,17.8,22.78,4.59,52.14,2.69
E02000020,Barking and Dagenham 019,4364.0,3446.0,623.0,607.0,5014.0,14054.0,31.05,24.52,4.43,35.68,4.32
E02000021,Barking and Dagenham 020,1613.0,2483.0,382.0,302.0,3983.0,8763.0,18.41,28.34,4.36,45.45,3.45
E02000022,Barking and Dagenham 021,2010.0,2616.0,411.0,365.0,2335.0,7737.0,25.98,33.81,5.31,30.18,4.72
E02000023,Barking and Dagenham 022,1717.0,2980.0,457.0,261.0,2602.0,8017.0,21.42,37.17,5.7,32.46,3.26
E02000024,Barnet 001,1252.0,525.0,584.0,497.0,7981.0,10839.0,11.55,4.84,5.39,73.63,4.59
E02000025,Barnet 002,959.0,633.0,511.0,448.0,6029.0,8580.0,11.18,7.38,5.96,70.27,5.22
E02000026,Barnet 003,808.0,268.0,331.0,547.0,4505.0,6459.0,12.51,4.15,5.12,69.75,8.47
E02000027,Barnet 004,1518.0,995.0,650.0,590.0,5895.0,9648.0,15.73,10.31,6.74,61.1,6.12
E02000028,Barnet 005,1105.0,448.0,354.0,457.0,4172.0,6536.0,16.91,6.85,5.42,63.83,6.99
E02000029,Barnet 006,1141.0,622.0,729.0,833.0,6352.0,9677.0,11.79,6.43,7.53,65.64,8.61
E02000030,Barnet 007,1799.0,494.0,436.0,575.0,6156.0,9460.0,19.02,5.22,4.61,65.07,6.08
E02000031,Barnet 008,1640.0,330.0,499.0,697.0,5166.0,8332.0,19.68,3.96,5.99,62.0,8.37
E02000032,Barnet 009,1660.0,285.0,434.0,886.0,4673.0,7938.0,20.91,3.59,5.47,58.87,11.16
E02000033,Barnet 010,1372.0,580.0,616.0,792.0,5533.0,8893.0,15.43,6.52,6.93,62.22,8.91
E02000034,Barnet 011,1544.0,511.0,520.0,674.0,5840.0,9089.0,16.99,5.62,5.72,64.25,7.42
E02000035,Barnet 012,1898.0,380.0,399.0,778.0,5077.0,8532.0,22.25,4.45,4.68,59.51,9.12
E02000036,Barnet 013,2419.0,1166.0,513.0,961.0,6185.0,11244.0,21.51,10.37,4.56,55.01,8.55
E02000037,Barnet 014,2494.0,776.0,386.0,1146.0,6035.0,10837.0,23.01,7.16,3.56,55.69,10.57
E02000038,Barnet 015,1979.0,782.0,682.0,841.0,6434.0,10718.0,18.46,7.3,6.36,60.03,7.85
E02000039,Barnet 016,1136.0,545.0,333.0,587.0,4567.0,7168.0,15.85,7.6,4.65,63.71,8.19
E02000040,Barnet 017,1805.0,860.0,554.0,909.0,5012.0,9140.0,19.75,9.41,6.06,54.84,9.95
E02000041,Barnet 018,2274.0,808.0,349.0,976.0,5047.0,9454.0,24.05,8.55,3.69,53.38,10.32
E02000042,Barnet 019,3016.0,589.0,664.0,1250.0,6040.0,11559.0,26.09,5.1,5.74,52.25,10.81
E02000043,Barnet 020,2108.0,256.0,432.0,683.0,4092.0,7571.0,27.84,3.38,5.71,54.05,9.02
E02000044,Barnet 021,1968.0,1303.0,488.0,794.0,4289.0,8842.0,22.26,14.74,5.52,48.51,8.98
E02000045,Barnet 022,1550.0,1059.0,801.0,828.0,6286.0,10524.0,14.73,10.06,7.61,59.73,7.87
E02000046,Barnet 023,1498.0,243.0,375.0,590.0,4258.0,6964.0,21.51,3.49,5.38,61.14,8.47
E02000047,Barnet 024,3312.0,2006.0,747.0,1059.0,5273.0,12397.0,26.72,16.18,6.03,42.53,8.54
E02000048,Barnet 025,1915.0,728.0,475.0,1311.0,5851.0,10280.0,18.63,7.08,4.62,56.92,12.75
E02000049,Barnet 026,2360.0,2490.0,707.0,1148.0,3827.0,10532.0,22.41,23.64,6.71,36.34,10.9
E02000050,Barnet 027,1939.0,869.0,648.0,885.0,6034.0,10375.0,18.69,8.38,6.25,58.16,8.53
E02000051,Barnet 028,1591.0,509.0,415.0,1075.0,5568.0,9158.0,17.37,5.56,4.53,60.8,11.74
E02000052,Barnet 029,1273.0,591.0,642.0,653.0,6691.0,9850.0,12.92,6.0,6.52,67.93,6.63
E02000054,Barnet 031,1624.0,615.0,323.0,1051.0,4014.0,7627.0,21.29,8.06,4.23,52.63,13.78
E02000055,Barnet 032,1853.0,896.0,499.0,1380.0,7098.0,11726.0,15.8,7.64,4.26,60.53,11.77
E02000056,Barnet 033,1022.0,232.0,429.0,1064.0,6384.0,9131.0,11.19,2.54,4.7,69.92,11.65
E02000057,Barnet 034,1017.0,344.0,238.0,971.0,5448.0,8018.0,12.68,4.29,2.97,67.95,12.11
E02000058,Barnet 035,1298.0,383.0,413.0,1098.0,7036.0,10228.0,12.69,3.74,4.04,68.79,10.74
E02000059,Barnet 036,3441.0,1138.0,586.0,1066.0,5396.0,11627.0,29.59,9.79,5.04,46.41,9.17
E02000060,Barnet 037,1267.0,340.0,289.0,1616.0,8047.0,11559.0,10.96,2.94,2.5,69.62,13.98
E02000061,Barnet 038,1565.0,292.0,387.0,945.0,5157.0,8346.0,18.75,3.5,4.64,61.79,11.32
E02000062,Barnet 039,1446.0,965.0,502.0,1095.0,2952.0,6960.0,20.78,13.86,7.21,42.41,15.73
E02000063,Barnet 040,1561.0,696.0,482.0,1383.0,3460.0,7582.0,20.59,9.18,6.36,45.63,18.24
E02000064,Barnet 041,1078.0,863.0,412.0,721.0,3604.0,6678.0,16.14,12.92,6.17,53.97,10.8
E02000065,Bexley 001,629.0,4017.0,397.0,278.0,2740.0,8061.0,7.8,49.83,4.92,33.99,3.45
E02000066,Bexley 002,984.0,3556.0,395.0,242.0,4253.0,9430.0,10.43,37.71,4.19,45.1,2.57
E02000067,Bexley 003,1107.0,2296.0,514.0,323.0,5984.0,10224.0,10.83,22.46,5.03,58.53,3.16
E02000068,Bexley 004,961.0,2224.0,410.0,249.0,4332.0,8176.0,11.75,27.2,5.01,52.98,3.05
E02000069,Bexley 005,906.0,1382.0,320.0,184.0,4422.0,7214.0,12.56,19.16,4.44,61.3,2.55
E02000070,Bexley 006,909.0,773.0,313.0,250.0,5867.0,8112.0,11.21,9.53,3.86,72.32,3.08
E02000071,Bexley 007,694.0,793.0,260.0,231.0,5694.0,7672.0,9.05,10.34,3.39,74.22,3.01
E02000072,Bexley 008,985.0,4066.0,535.0,328.0,7011.0,12925.0,7.62,31.46,4.14,54.24,2.54
E02000073,Bexley 009,1683.0,691.0,278.0,301.0,7772.0,10725.0,15.69,6.44,2.59,72.47,2.81
E02000074,Bexley 010,586.0,1586.0,315.0,195.0,6177.0,8859.0,6.61,17.9,3.56,69.73,2.2
E02000075,Bexley 011,871.0,370.0,216.0,195.0,6331.0,7983.0,10.91,4.63,2.71,79.31,2.44
E02000077,Bexley 013,1353.0,535.0,237.0,334.0,5680.0,8139.0,16.62,6.57,2.91,69.79,4.1
E02000078,Bexley 014,533.0,603.0,256.0,132.0,6406.0,7930.0,6.72,7.6,3.23,80.78,1.66
E02000079,Bexley 015,1120.0,462.0,292.0,208.0,6687.0,8769.0,12.77,5.27,3.33,76.26,2.37
E02000080,Bexley 016,1660.0,742.0,370.0,337.0,6953.0,10062.0,16.5,7.37,3.68,69.1,3.35
E02000081,Bexley 017,804.0,552.0,261.0,170.0,6520.0,8307.0,9.68,6.64,3.14,78.49,2.05
E02000082,Bexley 018,993.0,575.0,291.0,293.0,7182.0,9334.0,10.64,6.16,3.12,76.94,3.14
E02000083,Bexley 019,800.0,1146.0,377.0,275.0,8671.0,11269.0,7.1,10.17,3.35,76.95,2.44
E02000084,Bexley 020,1343.0,513.0,375.0,273.0,8605.0,11109.0,12.09,4.62,3.38,77.46,2.46
E02000085,Bexley 021,612.0,345.0,203.0,140.0,6664.0,7964.0,7.68,4.33,2.55,83.68,1.76
E02000086,Bexley 022,404.0,178.0,210.0,130.0,6258.0,7180.0,5.63,2.48,2.92,87.16,1.81
E02000087,Bexley 023,713.0,293.0,260.0,100.0,6843.0,8209.0,8.69,3.57,3.17,83.36,1.22
E02000088,Bexley 024,546.0,217.0,192.0,89.0,6705.0,7749.0,7.05,2.8,2.48,86.53,1.15
E02000089,Bexley 025,460.0,192.0,244.0,137.0,6836.0,7869.0,5.85,2.44,3.1,86.87,1.74
E02000090,Bexley 026,608.0,317.0,373.0,138.0,8204.0,9640.0,6.31,3.29,3.87,85.1,1.43
E02000091,Bexley 027,741.0,475.0,396.0,152.0,8400.0,10164.0,7.29,4.67,3.9,82.64,1.5
E02000092,Bexley 028,338.0,649.0,255.0,170.0,5341.0,6753.0,5.01,9.61,3.78,79.09,2.52
E02000093,Brent 001,5477.0,991.0,396.0,875.0,4136.0,11875.0,46.12,8.35,3.33,34.83,7.37
E02000094,Brent 002,3902.0,1326.0,396.0,906.0,3930.0,10460.0,37.3,12.68,3.79,37.57,8.66
E02000095,Brent 003,4983.0,797.0,259.0,907.0,3511.0,10457.0,47.65,7.62,2.48,33.58,8.67
E02000096,Brent 004,4259.0,253.0,195.0,533.0,2391.0,7631.0,55.81,3.32,2.56,31.33,6.98
E02000097,Brent 005,3344.0,1026.0,336.0,947.0,3879.0,9532.0,35.08,10.76,3.52,40.69,9.93
E02000098,Brent 006,3089.0,1180.0,353.0,1260.0,2863.0,8745.0,35.32,13.49,4.04,32.74,14.41
E02000099,Brent 007,3597.0,1053.0,330.0,1072.0,3512.0,9564.0,37.61,11.01,3.45,36.72,11.21
E02000100,Brent 008,4472.0,623.0,276.0,783.0,2165.0,8319.0,53.76,7.49,3.32,26.02,9.41
E02000101,Brent 009,2984.0,2169.0,444.0,1336.0,3007.0,9940.0,30.02,21.82,4.47,30.25,13.44
E02000102,Brent 010,2454.0,1869.0,358.0,1158.0,2492.0,8331.0,29.46,22.43,4.3,29.91,13.9
E02000103,Brent 011,1938.0,2128.0,630.0,1653.0,3628.0,9977.0,19.42,21.33,6.31,36.36,16.57
E02000104,Brent 012,3201.0,912.0,276.0,812.0,2302.0,7503.0,42.66,12.16,3.68,30.68,10.82
E02000105,Brent 013,4904.0,1305.0,367.0,760.0,2508.0,9844.0,49.82,13.26,3.73,25.48,7.72
E02000106,Brent 014,2508.0,1964.0,577.0,1462.0,3840.0,10351.0,24.23,18.97,5.57,37.1,14.12
E02000107,Brent 015,2374.0,1379.0,677.0,1295.0,5214.0,10939.0,21.7,12.61,6.19,47.66,11.84
E02000108,Brent 016,3401.0,1046.0,274.0,624.0,1915.0,7260.0,46.85,14.41,3.77,26.38,8.6
E02000110,Brent 018,1682.0,1053.0,629.0,812.0,4000.0,8176.0,20.57,12.88,7.69,48.92,9.93
E02000111,Brent 019,7359.0,1147.0,292.0,748.0,1737.0,11283.0,65.22,10.17,2.59,15.39,6.63
E02000112,Brent 020,6683.0,1631.0,404.0,690.0,2342.0,11750.0,56.88,13.88,3.44,19.93,5.87
E02000113,Brent 021,1764.0,4318.0,534.0,1056.0,1960.0,9632.0,18.31,44.83,5.54,20.35,10.96
E02000114,Brent 022,1740.0,1320.0,716.0,889.0,4328.0,8993.0,19.35,14.68,7.96,48.13,9.89
E02000115,Brent 023,999.0,1241.0,646.0,1078.0,4656.0,8620.0,11.59,14.4,7.49,54.01,12.51
E02000116,Brent 024,1759.0,1815.0,665.0,1285.0,3023.0,8547.0,20.58,21.24,7.78,35.37,15.03
E02000117,Brent 025,1940.0,5181.0,812.0,1282.0,3520.0,12735.0,15.23,40.68,6.38,27.64,10.07
E02000118,Brent 026,7224.0,1309.0,257.0,700.0,1805.0,11295.0,63.96,11.59,2.28,15.98,6.2
E02000119,Brent 027,1741.0,4494.0,632.0,1444.0,2312.0,10623.0,16.39,42.3,5.95,21.76,13.59
E02000120,Brent 028,1095.0,1290.0,664.0,854.0,5114.0,9017.0,12.14,14.31,7.36,56.72,9.47
E02000121,Brent 029,7860.0,1309.0,319.0,960.0,1793.0,12241.0,64.21,10.69,2.61,14.65,7.84
E02000122,Brent 030,1255.0,806.0,635.0,811.0,4673.0,8180.0,15.34,9.85,7.76,57.13,9.91
E02000123,Brent 031,1874.0,4160.0,1058.0,1304.0,5185.0,13581.0,13.8,30.63,7.79,38.18,9.6
E02000124,Brent 032,975.0,1151.0,803.0,651.0,6375.0,9955.0,9.79,11.56,8.07,64.04,6.54
E02000125,Brent 033,1245.0,1660.0,746.0,683.0,5605.0,9939.0,12.53,16.7,7.51,56.39,6.87
E02000126,Brent 034,1130.0,2941.0,573.0,945.0,2605.0,8194.0,13.79,35.89,6.99,31.79,11.53
E02000127,Bromley 001,693.0,1175.0,531.0,272.0,6657.0,9328.0,7.43,12.6,5.69,71.37,2.92
E02000128,Bromley 002,557.0,388.0,383.0,146.0,6315.0,7789.0,7.15,4.98,4.92,81.08,1.87
E02000130,Bromley 004,535.0,1180.0,706.0,279.0,5729.0,8429.0,6.35,14.0,8.38,67.97,3.31
E02000131,Bromley 005,560.0,1951.0,1002.0,343.0,6630.0,10486.0,5.34,18.61,9.56,63.23,3.27
E02000132,Bromley 006,867.0,936.0,766.0,305.0,6961.0,9835.0,8.82,9.52,7.79,70.78,3.1
E02000133,Bromley 007,1041.0,402.0,535.0,230.0,8550.0,10758.0,9.68,3.74,4.97,79.48,2.14
E02000134,Bromley 008,960.0,990.0,818.0,331.0,8652.0,11751.0,8.17,8.42,6.96,73.63,2.82
E02000135,Bromley 009,650.0,2663.0,887.0,360.0,5312.0,9872.0,6.58,26.98,8.99,53.81,3.65
E02000136,Bromley 010,503.0,355.0,219.0,137.0,4531.0,5745.0,8.76,6.18,3.81,78.87,2.38
E02000137,Bromley 011,712.0,530.0,564.0,157.0,6436.0,8399.0,8.48,6.31,6.72,76.63,1.87
E02000138,Bromley 012,578.0,416.0,446.0,237.0,6825.0,8502.0,6.8,4.89,5.25,80.28,2.79
E02000139,Bromley 013,444.0,619.0,571.0,188.0,5893.0,7715.0,5.76,8.02,7.4,76.38,2.44
E02000140,Bromley 014,605.0,1017.0,404.0,200.0,6455.0,8681.0,6.97,11.72,4.65,74.36,2.3
E02000141,Bromley 015,421.0,1197.0,600.0,193.0,4818.0,7229.0,5.82,16.56,8.3,66.65,2.67
E02000142,Bromley 016,876.0,478.0,484.0,193.0,6784.0,8815.0,9.94,5.42,5.49,76.96,2.19
E02000144,Bromley 018,1429.0,606.0,634.0,372.0,7028.0,10069.0,14.19,6.02,6.3,69.8,3.69
E02000145,Bromley 019,563.0,1435.0,417.0,181.0,6228.0,8824.0,6.38,16.26,4.73,70.58,2.05
E02000146,Bromley 020,890.0,561.0,597.0,204.0,7451.0,9703.0,9.17,5.78,6.15,76.79,2.1
E02000147,Bromley 021,849.0,316.0,387.0,215.0,6425.0,8192.0,10.36,3.86,4.72,78.43,2.62
E02000148,Bromley 022,610.0,260.0,246.0,115.0,5490.0,6721.0,9.08,3.87,3.66,81.68,1.71
E02000149,Bromley 023,583.0,544.0,376.0,159.0,6505.0,8167.0,7.14,6.66,4.6,79.65,1.95
E02000150,Bromley 024,533.0,627.0,498.0,219.0,6637.0,8514.0,6.26,7.36,5.85,77.95,2.57
E02000151,Bromley 025,853.0,146.0,265.0,81.0,6199.0,7544.0,11.31,1.94,3.51,82.17,1.07
E02000152,Bromley 026,663.0,716.0,527.0,237.0,5823.0,7966.0,8.32,8.99,6.62,73.1,2.98
E02000153,Bromley 027,539.0,247.0,325.0,142.0,6854.0,8107.0,6.65,3.05,4.01,84.54,1.75
E02000154,Bromley 028,1336.0,352.0,372.0,176.0,6291.0,8527.0,15.67,4.13,4.36,73.78,2.06
E02000155,Bromley 029,661.0,459.0,228.0,138.0,5670.0,7156.0,9.24,6.41,3.19,79.23,1.93
E02000156,Bromley 030,749.0,494.0,573.0,248.0,10230.0,12294.0,6.09,4.02,4.66,83.21,2.02
E02000157,Bromley 031,899.0,214.0,276.0,140.0,6838.0,8367.0,10.74,2.56,3.3,81.73,1.67
E02000158,Bromley 032,752.0,752.0,330.0,141.0,5812.0,7787.0,9.66,9.66,4.24,74.64,1.81
E02000159,Bromley 033,531.0,204.0,224.0,153.0,6001.0,7113.0,7.47,2.87,3.15,84.37,2.15
E02000160,Bromley 034,338.0,225.0,336.0,141.0,7068.0,8108.0,4.17,2.78,4.14,87.17,1.74
E02000161,Bromley 035,1494.0,252.0,283.0,138.0,6535.0,8702.0,17.17,2.9,3.25,75.1,1.59
E02000162,Bromley 036,633.0,291.0,234.0,77.0,5886.0,7121.0,8.89,4.09,3.29,82.66,1.08
E02000163,Bromley 037,854.0,164.0,215.0,102.0,6381.0,7716.0,11.07,2.13,2.79,82.7,1.32
E02000165,Bromley 039,130.0,193.0,210.0,29.0,6609.0,7171.0,1.81,2.69,2.93,92.16,0.4
E02000166,Camden 001,528.0,554.0,563.0,439.0,5662.0,7746.0,6.82,7.15,7.27,73.1,5.67
E02000167,Camden 002,641.0,162.0,436.0,367.0,5594.0,7200.0,8.9,2.25,6.06,77.69,5.1
E02000168,Camden 003,657.0,516.0,529.0,360.0,5752.0,7814.0,8.41,6.6,6.77,73.61,4.61
E02000169,Camden 004,1032.0,234.0,456.0,522.0,4932.0,7176.0,14.38,3.26,6.35,68.73,7.27
E02000170,Camden 005,1087.0,409.0,533.0,584.0,5301.0,7914.0,13.74,5.17,6.73,66.98,7.38
E02000171,Camden 006,883.0,452.0,490.0,369.0,5199.0,7393.0,11.94,6.11,6.63,70.32,4.99
E02000172,Camden 007,1690.0,1362.0,687.0,631.0,5627.0,9997.0,16.91,13.62,6.87,56.29,6.31
E02000173,Camden 008,1398.0,239.0,444.0,456.0,4958.0,7495.0,18.65,3.19,5.92,66.15,6.08
E02000174,Camden 009,1017.0,918.0,562.0,413.0,5176.0,8086.0,12.58,11.35,6.95,64.01,5.11
E02000175,Camden 010,1376.0,680.0,591.0,697.0,5737.0,9081.0,15.15,7.49,6.51,63.18,7.68
E02000176,Camden 011,690.0,142.0,396.0,376.0,4312.0,5916.0,11.66,2.4,6.69,72.89,6.36
E02000177,Camden 012,1494.0,1070.0,562.0,528.0,4835.0,8489.0,17.6,12.6,6.62,56.96,6.22
E02000178,Camden 013,1372.0,1049.0,659.0,869.0,4956.0,8905.0,15.41,11.78,7.4,55.65,9.76
E02000179,Camden 014,852.0,590.0,319.0,471.0,3519.0,5751.0,14.81,10.26,5.55,61.19,8.19
E02000180,Camden 015,1273.0,911.0,567.0,408.0,4722.0,7881.0,16.15,11.56,7.19,59.92,5.18
E02000181,Camden 016,1114.0,387.0,525.0,536.0,5517.0,8079.0,13.79,4.79,6.5,68.29,6.63
E02000182,Camden 017,1777.0,536.0,415.0,653.0,3736.0,7117.0,24.97,7.53,5.83,52.49,9.18
E02000183,Camden 018,912.0,521.0,499.0,425.0,5236.0,7593.0,12.01,6.86,6.57,68.96,5.6
E02000184,Camden 019,1970.0,1078.0,626.0,545.0,4685.0,8904.0,22.12,12.11,7.03,52.62,6.12
E02000185,Camden 020,1508.0,1427.0,564.0,1136.0,4251.0,8886.0,16.97,16.06,6.35,47.84,12.78
E02000186,Camden 021,1014.0,607.0,455.0,371.0,3777.0,6224.0,16.29,9.75,7.31,60.68,5.96
E02000187,Camden 022,3181.0,1561.0,626.0,676.0,3742.0,9786.0,32.51,15.95,6.4,38.24,6.91
E02000188,Camden 023,2301.0,1039.0,413.0,550.0,2875.0,7178.0,32.06,14.47,5.75,40.05,7.66
E02000191,Camden 026,1512.0,268.0,402.0,288.0,2869.0,5339.0,28.32,5.02,7.53,53.74,5.39
E02000192,Camden 027,1805.0,721.0,394.0,418.0,3319.0,6657.0,27.11,10.83,5.92,49.86,6.28
E02000193,Camden 028,1397.0,348.0,389.0,385.0,3442.0,5961.0,23.44,5.84,6.53,57.74,6.46
E02000194,Croydon 001,620.0,1854.0,861.0,326.0,5549.0,9210.0,6.73,20.13,9.35,60.25,3.54
E02000195,Croydon 002,2324.0,1940.0,674.0,455.0,4252.0,9645.0,24.1,20.11,6.99,44.09,4.72
E02000196,Croydon 003,2117.0,1946.0,574.0,416.0,2865.0,7918.0,26.74,24.58,7.25,36.18,5.25
E02000197,Croydon 004,2388.0,2256.0,693.0,501.0,3187.0,9025.0,26.46,25.0,7.68,35.31,5.55
E02000198,Croydon 005,1024.0,3350.0,768.0,452.0,3294.0,8888.0,11.52,37.69,8.64,37.06,5.09
E02000199,Croydon 006,905.0,3333.0,747.0,381.0,3050.0,8416.0,10.75,39.6,8.88,36.24,4.53
E02000200,Croydon 007,782.0,2778.0,764.0,372.0,4353.0,9049.0,8.64,30.7,8.44,48.1,4.11
E02000201,Croydon 008,762.0,3291.0,892.0,326.0,3422.0,8693.0,8.77,37.86,10.26,39.37,3.75
E02000202,Croydon 009,2767.0,2934.0,639.0,406.0,2185.0,8931.0,30.98,32.85,7.15,24.47,4.55
E02000203,Croydon 010,1470.0,3164.0,599.0,410.0,2324.0,7967.0,18.45,39.71,7.52,29.17,5.15
E02000204,Croydon 011,3746.0,2908.0,616.0,491.0,1894.0,9655.0,38.8,30.12,6.38,19.62,5.09
E02000206,Croydon 013,1417.0,4021.0,1041.0,484.0,3854.0,10817.0,13.1,37.17,9.62,35.63,4.47
E02000207,Croydon 014,937.0,2978.0,878.0,318.0,3787.0,8898.0,10.53,33.47,9.87,42.56,3.57
E02000208,Croydon 015,3048.0,3811.0,825.0,574.0,2605.0,10863.0,28.06,35.08,7.59,23.98,5.28
E02000209,Croydon 016,3605.0,2312.0,545.0,632.0,1973.0,9067.0,39.76,25.5,6.01,21.76,6.97
E02000210,Croydon 017,1049.0,2174.0,878.0,319.0,4292.0,8712.0,12.04,24.95,10.08,49.27,3.66
E02000211,Croydon 018,1175.0,1107.0,534.0,248.0,5213.0,8277.0,14.2,13.37,6.45,62.98,3.0
E02000212,Croydon 019,3217.0,2601.0,640.0,483.0,2520.0,9461.0,34.0,27.49,6.76,26.64,5.11
E02000213,Croydon 020,2683.0,4198.0,1092.0,709.0,4116.0,12798.0,20.96,32.8,8.53,32.16,5.54
E02000214,Croydon 021,980.0,968.0,552.0,180.0,3553.0,6233.0,15.72,15.53,8.86,57.0,2.89
E02000215,Croydon 022,2064.0,2448.0,1028.0,506.0,5779.0,11825.0,17.45,20.7,8.69,48.87,4.28
E02000216,Croydon 023,2706.0,881.0,360.0,397.0,2816.0,7160.0,37.79,12.3,5.03,39.33,5.54
E02000217,Croydon 024,1941.0,2955.0,1148.0,547.0,5335.0,11926.0,16.28,24.78,9.63,44.73,4.59
E02000218,Croydon 025,813.0,1779.0,499.0,244.0,3336.0,6671.0,12.19,26.67,7.48,50.01,3.66
E02000219,Croydon 026,1300.0,815.0,370.0,229.0,4913.0,7627.0,17.04,10.69,4.85,64.42,3.0
E02000221,Croydon 028,2132.0,2709.0,892.0,476.0,4646.0,10855.0,19.64,24.96,8.22,42.8,4.39
E02000222,Croydon 029,1255.0,1202.0,624.0,227.0,5042.0,8350.0,15.03,14.4,7.47,60.38,2.72
E02000223,Croydon 030,556.0,3047.0,604.0,268.0,4056.0,8531.0,6.52,35.72,7.08,47.54,3.14
E02000224,Croydon 031,1178.0,1319.0,701.0,253.0,4604.0,8055.0,14.62,16.37,8.7,57.16,3.14
E02000225,Croydon 032,466.0,1663.0,466.0,144.0,4759.0,7498.0,6.21,22.18,6.21,63.47,1.92
E02000226,Croydon 033,1375.0,686.0,422.0,167.0,4968.0,7618.0,18.05,9.0,5.54,65.21,2.19
E02000227,Croydon 034,1111.0,1613.0,745.0,263.0,7948.0,11680.0,9.51,13.81,6.38,68.05,2.25
E02000228,Croydon 035,1273.0,429.0,485.0,142.0,5627.0,7956.0,16.0,5.39,6.1,70.73,1.78
E02000229,Croydon 036,344.0,1464.0,366.0,108.0,3952.0,6234.0,5.52,23.48,5.87,63.39,1.73
E02000230,Croydon 037,2047.0,1285.0,759.0,288.0,6125.0,10504.0,19.49,12.23,7.23,58.31,2.74
E02000231,Croydon 038,2136.0,674.0,446.0,330.0,4344.0,7930.0,26.94,8.5,5.62,54.78,4.16
E02000232,Croydon 039,759.0,416.0,376.0,127.0,4519.0,6197.0,12.25,6.71,6.07,72.92,2.05
E02000233,Croydon 040,834.0,710.0,460.0,186.0,4170.0,6360.0,13.11,11.16,7.23,65.57,2.92
E02000234,Croydon 041,1455.0,1213.0,804.0,248.0,5734.0,9454.0,15.39,12.83,8.5,60.65,2.62
E02000235,Croydon 042,770.0,563.0,416.0,144.0,5000.0,6893.0,11.17,8.17,6.04,72.54,2.09
E02000236,Croydon 043,1101.0,826.0,572.0,160.0,6470.0,9129.0,12.06,9.05,6.27,70.87,1.75
E02000237,Croydon 044,495.0,503.0,472.0,92.0,6043.0,7605.0,6.51,6.61,6.21,79.46,1.21
E02000238,Ealing 001,3450.0,1393.0,496.0,965.0,4401.0,10705.0,32.23,13.01,4.63,41.11,9.01
E02000239,Ealing 002,3633.0,727.0,345.0,923.0,3416.0,9044.0,40.17,8.04,3.81,37.77,10.21
E02000240,Ealing 003,3128.0,1832.0,601.0,1104.0,4543.0,11208.0,27.91,16.35,5.36,40.53,9.85
E02000241,Ealing 004,2198.0,968.0,322.0,854.0,3051.0,7393.0,29.73,13.09,4.36,41.27,11.55
E02000242,Ealing 005,2843.0,485.0,226.0,1026.0,2308.0,6888.0,41.27,7.04,3.28,33.51,14.9
E02000243,Ealing 006,2351.0,1046.0,419.0,1016.0,3890.0,8722.0,26.95,11.99,4.8,44.6,11.65
E02000244,Ealing 007,1676.0,642.0,390.0,1563.0,3618.0,7889.0,21.24,8.14,4.94,45.86,19.81
E02000245,Ealing 008,2531.0,1927.0,591.0,998.0,3263.0,9310.0,27.19,20.7,6.35,35.05,10.72
E02000246,Ealing 009,2635.0,1762.0,530.0,1130.0,3405.0,9462.0,27.85,18.62,5.6,35.99,11.94
E02000247,Ealing 010,3436.0,1817.0,671.0,1276.0,3954.0,11154.0,30.81,16.29,6.02,35.45,11.44
E02000248,Ealing 011,1634.0,448.0,354.0,1696.0,3584.0,7716.0,21.18,5.81,4.59,46.45,21.98
E02000249,Ealing 012,2562.0,1070.0,390.0,1084.0,3275.0,8381.0,30.57,12.77,4.65,39.08,12.93
E02000250,Ealing 013,902.0,260.0,423.0,580.0,4315.0,6480.0,13.92,4.01,6.53,66.59,8.95
E02000251,Ealing 014,4325.0,750.0,307.0,901.0,2029.0,8312.0,52.03,9.02,3.69,24.41,10.84
E02000252,Ealing 015,2278.0,1928.0,835.0,1590.0,5609.0,12240.0,18.61,15.75,6.82,45.83,12.99
E02000253,Ealing 016,2083.0,1807.0,802.0,1049.0,4602.0,10343.0,20.14,17.47,7.75,44.49,10.14
E02000254,Ealing 017,6438.0,494.0,146.0,1177.0,953.0,9208.0,69.92,5.36,1.59,10.35,12.78
E02000255,Ealing 018,1563.0,1337.0,616.0,972.0,5374.0,9862.0,15.85,13.56,6.25,54.49,9.86
E02000256,Ealing 019,1677.0,505.0,617.0,719.0,5668.0,9186.0,18.26,5.5,6.72,61.7,7.83
E02000258,Ealing 021,1269.0,593.0,376.0,979.0,3683.0,6900.0,18.39,8.59,5.45,53.38,14.19
E02000259,Ealing 022,904.0,571.0,480.0,457.0,4173.0,6585.0,13.73,8.67,7.29,63.37,6.94
E02000260,Ealing 023,7427.0,644.0,149.0,906.0,707.0,9833.0,75.53,6.55,1.52,7.19,9.21
E02000261,Ealing 024,1738.0,1720.0,892.0,2154.0,6146.0,12650.0,13.74,13.6,7.05,48.58,17.03
E02000262,Ealing 025,1096.0,1067.0,706.0,990.0,5489.0,9348.0,11.72,11.41,7.55,58.72,10.59
E02000263,Ealing 026,10792.0,981.0,212.0,1173.0,546.0,13704.0,78.75,7.16,1.55,3.98,8.56
E02000264,Ealing 027,1527.0,567.0,518.0,686.0,5193.0,8491.0,17.98,6.68,6.1,61.16,8.08
E02000265,Ealing 028,1730.0,1271.0,812.0,987.0,6431.0,11231.0,15.4,11.32,7.23,57.26,8.79
E02000266,Ealing 029,5558.0,2864.0,624.0,1445.0,2626.0,13117.0,42.37,21.83,4.76,20.02,11.02
E02000267,Ealing 030,1054.0,823.0,504.0,445.0,5324.0,8150.0,12.93,10.1,6.18,65.33,5.46
E02000268,Ealing 031,1209.0,613.0,590.0,639.0,6197.0,9248.0,13.07,6.63,6.38,67.01,6.91
E02000269,Ealing 032,968.0,353.0,482.0,419.0,5950.0,8172.0,11.85,4.32,5.9,72.81,5.13
E02000270,Ealing 033,1282.0,1859.0,552.0,999.0,4916.0,9608.0,13.34,19.35,5.75,51.17,10.4
E02000271,Ealing 034,551.0,324.0,439.0,358.0,5278.0,6950.0,7.93,4.66,6.32,75.94,5.15
E02000272,Ealing 035,963.0,364.0,435.0,290.0,4662.0,6714.0,14.34,5.42,6.48,69.44,4.32
E02000275,Ealing 038,5481.0,619.0,171.0,1109.0,789.0,8169.0,67.1,7.58,2.09,9.66,13.58
E02000276,Ealing 039,778.0,475.0,453.0,297.0,4759.0,6762.0,11.51,7.02,6.7,70.38,4.39
E02000277,Enfield 001,495.0,1859.0,517.0,1015.0,3636.0,7522.0,6.58,24.71,6.87,48.34,13.49
E02000278,Enfield 002,714.0,2274.0,633.0,1356.0,4449.0,9426.0,7.57,24.12,6.72,47.2,14.39
E02000279,Enfield 003,917.0,3780.0,886.0,1669.0,5063.0,12315.0,7.45,30.69,7.19,41.11,13.55
E02000280,Enfield 004,402.0,794.0,523.0,581.0,6333.0,8633.0,4.66,9.2,6.06,73.36,6.73
E02000281,Enfield 005,896.0,1660.0,708.0,1193.0,5196.0,9653.0,9.28,17.2,7.33,53.83,12.36
E02000282,Enfield 006,904.0,2818.0,563.0,1460.0,4207.0,9952.0,9.08,28.32,5.66,42.27,14.67
E02000283,Enfield 007,800.0,1991.0,502.0,1278.0,3968.0,8539.0,9.37,23.32,5.88,46.47,14.97
E02000284,Enfield 008,591.0,808.0,598.0,483.0,6261.0,8741.0,6.76,9.24,6.84,71.63,5.53
E02000285,Enfield 009,558.0,467.0,349.0,415.0,4853.0,6642.0,8.4,7.03,5.25,73.07,6.25
E02000286,Enfield 010,718.0,607.0,539.0,586.0,6239.0,8689.0,8.26,6.99,6.2,71.8,6.74
E02000287,Enfield 011,1109.0,334.0,413.0,800.0,4696.0,7352.0,15.08,4.54,5.62,63.87,10.88
E02000288,Enfield 012,2403.0,3787.0,567.0,1671.0,4356.0,12784.0,18.8,29.62,4.44,34.07,13.07
E02000289,Enfield 013,943.0,376.0,394.0,777.0,4284.0,6774.0,13.92,5.55,5.82,63.24,11.47
E02000290,Enfield 014,950.0,1979.0,414.0,1026.0,2312.0,6681.0,14.22,29.62,6.2,34.61,15.36
E02000291,Enfield 015,829.0,1458.0,739.0,958.0,6177.0,10161.0,8.16,14.35,7.27,60.79,9.43
E02000292,Enfield 016,1036.0,1542.0,710.0,1205.0,5344.0,9837.0,10.53,15.68,7.22,54.33,12.25
E02000293,Enfield 017,655.0,326.0,311.0,494.0,4607.0,6393.0,10.25,5.1,4.86,72.06,7.73
E02000294,Enfield 018,1314.0,2668.0,405.0,1551.0,3431.0,9369.0,14.02,28.48,4.32,36.62,16.55
E02000295,Enfield 019,1220.0,576.0,600.0,940.0,5358.0,8694.0,14.03,6.63,6.9,61.63,10.81
E02000296,Enfield 020,1578.0,644.0,581.0,1096.0,6444.0,10343.0,15.26,6.23,5.62,62.3,10.6
E02000297,Enfield 021,1173.0,755.0,519.0,1100.0,5851.0,9398.0,12.48,8.03,5.52,62.26,11.7
E02000298,Enfield 022,665.0,303.0,586.0,640.0,6059.0,8253.0,8.06,3.67,7.1,73.42,7.75
E02000299,Enfield 023,1201.0,3046.0,453.0,1533.0,3266.0,9499.0,12.64,32.07,4.77,34.38,16.14
E02000300,Enfield 024,1175.0,2447.0,448.0,1188.0,3596.0,8854.0,13.27,27.64,5.06,40.61,13.42
E02000301,Enfield 025,1081.0,3440.0,614.0,1515.0,3573.0,10223.0,10.57,33.65,6.01,34.95,14.82
E02000302,Enfield 026,1092.0,1027.0,528.0,1059.0,4961.0,8667.0,12.6,11.85,6.09,57.24,12.22
E02000303,Enfield 027,1179.0,2221.0,413.0,1184.0,3366.0,8363.0,14.1,26.56,4.94,40.25,14.16
E02000304,Enfield 028,1109.0,303.0,652.0,723.0,5260.0,8047.0,13.78,3.77,8.1,65.37,8.98
E02000305,Enfield 029,711.0,562.0,521.0,802.0,6282.0,8878.0,8.01,6.33,5.87,70.76,9.03
E02000306,Enfield 030,1061.0,3348.0,441.0,1477.0,2808.0,9135.0,11.61,36.65,4.83,30.74,16.17
E02000307,Enfield 031,1481.0,2017.0,487.0,1654.0,4473.0,10112.0,14.65,19.95,4.82,44.23,16.36
E02000308,Enfield 032,1528.0,976.0,526.0,801.0,4929.0,8760.0,17.44,11.14,6.0,56.27,9.14
E02000309,Enfield 033,1545.0,3992.0,656.0,1669.0,3932.0,11794.0,13.1,33.85,5.56,33.34,14.15
E02000311,Enfield 035,1519.0,1385.0,565.0,1629.0,5446.0,10544.0,14.41,13.14,5.36,51.65,15.45
E02000312,Enfield 036,1309.0,975.0,698.0,1008.0,7312.0,11302.0,11.58,8.63,6.18,64.7,8.92
E02000313,Greenwich 001,351.0,2825.0,301.0,170.0,2843.0,6490.0,5.41,43.53,4.64,43.81,2.62
E02000314,Greenwich 002,1472.0,6195.0,1001.0,590.0,4847.0,14105.0,10.44,43.92,7.1,34.36,4.18
E02000315,Greenwich 003,892.0,3699.0,443.0,352.0,4485.0,9871.0,9.04,37.47,4.49,45.44,3.57
E02000317,Greenwich 005,1079.0,2417.0,424.0,315.0,3325.0,7560.0,14.27,31.97,5.61,43.98,4.17
E02000318,Greenwich 006,3765.0,2582.0,452.0,1010.0,3253.0,11062.0,34.04,23.34,4.09,29.41,9.13
E02000319,Greenwich 007,2201.0,2839.0,709.0,583.0,4287.0,10619.0,20.73,26.74,6.68,40.37,5.49
E02000320,Greenwich 008,952.0,1982.0,388.0,323.0,3397.0,7042.0,13.52,28.15,5.51,48.24,4.59
E02000321,Greenwich 009,1143.0,2378.0,435.0,465.0,3299.0,7720.0,14.81,30.8,5.63,42.73,6.02
E02000323,Greenwich 011,2561.0,3972.0,843.0,764.0,4719.0,12859.0,19.92,30.89,6.56,36.7,5.94
E02000324,Greenwich 012,1033.0,1782.0,643.0,342.0,4069.0,7869.0,13.13,22.65,8.17,51.71,4.35
E02000326,Greenwich 014,967.0,1175.0,474.0,233.0,4944.0,7793.0,12.41,15.08,6.08,63.44,2.99
E02000327,Greenwich 015,830.0,2269.0,364.0,254.0,2909.0,6626.0,12.53,34.24,5.49,43.9,3.83
E02000328,Greenwich 016,484.0,527.0,422.0,165.0,4915.0,6513.0,7.43,8.09,6.48,75.46,2.53
E02000329,Greenwich 017,930.0,1151.0,425.0,261.0,3567.0,6334.0,14.68,18.17,6.71,56.32,4.12
E02000331,Greenwich 019,1210.0,1532.0,503.0,439.0,4552.0,8236.0,14.69,18.6,6.11,55.27,5.33
E02000332,Greenwich 020,598.0,1506.0,527.0,204.0,4618.0,7453.0,8.02,20.21,7.07,61.96,2.74
E02000333,Greenwich 021,521.0,358.0,345.0,190.0,4832.0,6246.0,8.34,5.73,5.52,77.36,3.04
E02000334,Greenwich 022,904.0,1156.0,378.0,339.0,3863.0,6640.0,13.61,17.41,5.69,58.18,5.11
E02000335,Greenwich 023,484.0,328.0,281.0,148.0,5434.0,6675.0,7.25,4.91,4.21,81.41,2.22
E02000337,Greenwich 025,780.0,1014.0,395.0,343.0,5938.0,8470.0,9.21,11.97,4.66,70.11,4.05
E02000339,Greenwich 027,399.0,305.0,300.0,127.0,5158.0,6289.0,6.34,4.85,4.77,82.02,2.02
E02000340,Greenwich 028,564.0,508.0,261.0,172.0,5358.0,6863.0,8.22,7.4,3.8,78.07,2.51
E02000341,Greenwich 029,592.0,1333.0,474.0,297.0,5297.0,7993.0,7.41,16.68,5.93,66.27,3.72
E02000342,Greenwich 030,568.0,658.0,299.0,210.0,4615.0,6350.0,8.94,10.36,4.71,72.68,3.31
E02000343,Greenwich 031,662.0,815.0,339.0,305.0,4925.0,7046.0,9.4,11.57,4.81,69.9,4.33
E02000344,Greenwich 032,542.0,512.0,233.0,219.0,4924.0,6430.0,8.43,7.96,3.62,76.58,3.41
E02000345,Hackney 001,396.0,578.0,286.0,1312.0,5624.0,8196.0,4.83,7.05,3.49,68.62,16.01
E02000346,Hackney 002,1357.0,2415.0,679.0,975.0,3972.0,9398.0,14.44,25.7,7.22,42.26,10.37
E02000347,Hackney 003,346.0,931.0,276.0,1097.0,5500.0,8150.0,4.25,11.42,3.39,67.48,13.46
E02000348,Hackney 004,608.0,1314.0,323.0,1075.0,4785.0,8105.0,7.5,16.21,3.99,59.04,13.26
E02000350,Hackney 006,1537.0,1246.0,577.0,797.0,6079.0,10236.0,15.02,12.17,5.64,59.39,7.79
E02000351,Hackney 007,797.0,1187.0,730.0,882.0,5691.0,9287.0,8.58,12.78,7.86,61.28,9.5
E02000352,Hackney 008,360.0,1014.0,492.0,461.0,4425.0,6752.0,5.33,15.02,7.29,65.54,6.83
E02000353,Hackney 009,778.0,954.0,526.0,463.0,5043.0,7764.0,10.02,12.29,6.77,64.95,5.96
E02000354,Hackney 010,1324.0,2542.0,697.0,730.0,4316.0,9609.0,13.78,26.45,7.25,44.92,7.6
E02000355,Hackney 011,1382.0,1450.0,578.0,378.0,4406.0,8194.0,16.87,17.7,7.05,53.77,4.61
E02000356,Hackney 012,414.0,750.0,552.0,462.0,4855.0,7033.0,5.89,10.66,7.85,69.03,6.57
E02000357,Hackney 013,626.0,3104.0,456.0,561.0,2100.0,6847.0,9.14,45.33,6.66,30.67,8.19
E02000358,Hackney 014,1057.0,2162.0,871.0,1024.0,5974.0,11088.0,9.53,19.5,7.86,53.88,9.24
E02000359,Hackney 015,677.0,1530.0,469.0,453.0,3569.0,6698.0,10.11,22.84,7.0,53.28,6.76
E02000360,Hackney 016,1595.0,3657.0,790.0,1100.0,4367.0,11509.0,13.86,31.78,6.86,37.94,9.56
E02000361,Hackney 017,796.0,1743.0,630.0,618.0,4275.0,8062.0,9.87,21.62,7.81,53.03,7.67
E02000362,Hackney 018,608.0,1925.0,549.0,471.0,3407.0,6960.0,8.74,27.66,7.89,48.95,6.77
E02000363,Hackney 019,1397.0,4438.0,881.0,986.0,4181.0,11883.0,11.76,37.35,7.41,35.18,8.3
E02000364,Hackney 020,773.0,2058.0,551.0,561.0,5274.0,9217.0,8.39,22.33,5.98,57.22,6.09
E02000366,Hackney 022,692.0,1946.0,661.0,450.0,4580.0,8329.0,8.31,23.36,7.94,54.99,5.4
E02000367,Hackney 023,906.0,1869.0,821.0,588.0,6234.0,10418.0,8.7,17.94,7.88,59.84,5.64
E02000368,Hackney 024,1081.0,2823.0,654.0,972.0,4393.0,9923.0,10.89,28.45,6.59,44.27,9.8
E02000369,Hackney 025,1410.0,2981.0,961.0,1304.0,6800.0,13456.0,10.48,22.15,7.14,50.54,9.69
E02000370,Hackney 026,981.0,1938.0,652.0,876.0,4411.0,8858.0,11.07,21.88,7.36,49.8,9.89
E02000372,Hammersmith and Fulham 001,1834.0,1859.0,765.0,1038.0,4486.0,9982.0,18.37,18.62,7.66,44.94,10.4
E02000373,Hammersmith and Fulham 002,928.0,2523.0,544.0,779.0,2263.0,7037.0,13.19,35.85,7.73,32.16,11.07
E02000374,Hammersmith and Fulham 003,761.0,1216.0,508.0,612.0,3816.0,6913.0,11.01,17.59,7.35,55.2,8.85
E02000375,Hammersmith and Fulham 004,886.0,1409.0,615.0,640.0,3933.0,7483.0,11.84,18.83,8.22,52.56,8.55
E02000376,Hammersmith and Fulham 005,701.0,1044.0,498.0,612.0,3850.0,6705.0,10.45,15.57,7.43,57.42,9.13
E02000377,Hammersmith and Fulham 006,727.0,1247.0,599.0,515.0,4707.0,7795.0,9.33,16.0,7.68,60.38,6.61
E02000378,Hammersmith and Fulham 007,692.0,723.0,425.0,551.0,4044.0,6435.0,10.75,11.24,6.6,62.84,8.56
E02000379,Hammersmith and Fulham 008,571.0,891.0,487.0,507.0,4933.0,7389.0,7.73,12.06,6.59,66.76,6.86
E02000380,Hammersmith and Fulham 009,469.0,480.0,320.0,282.0,3956.0,5507.0,8.52,8.72,5.81,71.84,5.12
E02000381,Hammersmith and Fulham 010,582.0,689.0,515.0,539.0,5306.0,7631.0,7.63,9.03,6.75,69.53,7.06
E02000382,Hammersmith and Fulham 011,718.0,543.0,439.0,427.0,4067.0,6194.0,11.59,8.77,7.09,65.66,6.89
E02000383,Hammersmith and Fulham 012,1212.0,750.0,577.0,1028.0,4896.0,8463.0,14.32,8.86,6.82,57.85,12.15
E02000384,Hammersmith and Fulham 013,1191.0,1147.0,636.0,654.0,4637.0,8265.0,14.41,13.88,7.7,56.1,7.91
E02000385,Hammersmith and Fulham 014,679.0,374.0,304.0,338.0,3919.0,5614.0,12.09,6.66,5.42,69.81,6.02
E02000386,Hammersmith and Fulham 015,859.0,1418.0,554.0,743.0,4009.0,7583.0,11.33,18.7,7.31,52.87,9.8
E02000387,Hammersmith and Fulham 016,878.0,850.0,425.0,354.0,3517.0,6024.0,14.58,14.11,7.06,58.38,5.88
E02000388,Hammersmith and Fulham 017,950.0,738.0,483.0,477.0,6013.0,8661.0,10.97,8.52,5.58,69.43,5.51
E02000389,Hammersmith and Fulham 018,875.0,428.0,500.0,438.0,6399.0,8640.0,10.13,4.95,5.79,74.06,5.07
E02000390,Hammersmith and Fulham 019,440.0,533.0,355.0,344.0,4525.0,6197.0,7.1,8.6,5.73,73.02,5.55
E02000391,Hammersmith and Fulham 020,528.0,494.0,426.0,429.0,5712.0,7589.0,6.96,6.51,5.61,75.27,5.65
E02000392,Hammersmith and Fulham 021,702.0,887.0,567.0,515.0,6558.0,9229.0,7.61,9.61,6.14,71.06,5.58
E02000393,Hammersmith and Fulham 022,315.0,289.0,313.0,227.0,4837.0,5981.0,5.27,4.83,5.23,80.87,3.8
E02000394,Hammersmith and Fulham 023,1005.0,1045.0,766.0,736.0,5733.0,9285.0,10.82,11.25,8.25,61.74,7.93
E02000395,Hammersmith and Fulham 024,320.0,208.0,270.0,197.0,4685.0,5680.0,5.63,3.66,4.75,82.48,3.47
E02000396,Hammersmith and Fulham 025,497.0,670.0,440.0,414.0,4876.0,6897.0,7.21,9.71,6.38,70.7,6.0
E02000397,Haringey 001,714.0,1063.0,505.0,750.0,4879.0,7911.0,9.03,13.44,6.38,61.67,9.48
E02000398,Haringey 002,586.0,2849.0,497.0,1067.0,2515.0,7514.0,7.8,37.92,6.61,33.47,14.2
E02000400,Haringey 004,738.0,1398.0,563.0,635.0,4651.0,7985.0,9.24,17.51,7.05,58.25,7.95
E02000401,Haringey 005,837.0,1646.0,501.0,914.0,2960.0,6858.0,12.2,24.0,7.31,43.16,13.33
E02000402,Haringey 006,611.0,1918.0,436.0,940.0,2568.0,6473.0,9.44,29.63,6.74,39.67,14.52
E02000403,Haringey 007,740.0,851.0,447.0,743.0,4730.0,7511.0,9.85,11.33,5.95,62.97,9.89
E02000404,Haringey 008,853.0,1212.0,464.0,903.0,3680.0,7112.0,11.99,17.04,6.52,51.74,12.7
E02000405,Haringey 009,374.0,374.0,457.0,306.0,4966.0,6477.0,5.77,5.77,7.06,76.67,4.72
E02000406,Haringey 010,811.0,1101.0,456.0,739.0,3630.0,6737.0,12.04,16.34,6.77,53.88,10.97
E02000407,Haringey 011,755.0,2457.0,637.0,771.0,2981.0,7601.0,9.93,32.32,8.38,39.22,10.14
E02000408,Haringey 012,663.0,2799.0,547.0,1044.0,3200.0,8253.0,8.03,33.91,6.63,38.77,12.65
E02000409,Haringey 013,628.0,1676.0,387.0,796.0,2582.0,6069.0,10.35,27.62,6.38,42.54,13.12
E02000410,Haringey 014,379.0,230.0,430.0,308.0,5070.0,6417.0,5.91,3.58,6.7,79.01,4.8
E02000411,Haringey 015,1530.0,3056.0,780.0,1120.0,4941.0,11427.0,13.39,26.74,6.83,43.24,9.8
E02000412,Haringey 016,946.0,1561.0,443.0,807.0,3566.0,7323.0,12.92,21.32,6.05,48.7,11.02
E02000413,Haringey 017,599.0,493.0,629.0,524.0,5519.0,7764.0,7.72,6.35,8.1,71.08,6.75
E02000414,Haringey 018,674.0,1635.0,530.0,673.0,3567.0,7079.0,9.52,23.1,7.49,50.39,9.51
E02000415,Haringey 019,846.0,981.0,499.0,833.0,4088.0,7247.0,11.67,13.54,6.89,56.41,11.49
E02000416,Haringey 020,630.0,1278.0,653.0,642.0,5248.0,8451.0,7.45,15.12,7.73,62.1,7.6
E02000417,Haringey 021,414.0,278.0,493.0,280.0,5093.0,6558.0,6.31,4.24,7.52,77.66,4.27
E02000418,Haringey 022,293.0,263.0,351.0,241.0,4281.0,5429.0,5.4,4.84,6.47,78.85,4.44
E02000419,Haringey 023,822.0,893.0,693.0,779.0,5551.0,8738.0,9.41,10.22,7.93,63.53,8.92
E02000420,Haringey 024,760.0,1787.0,574.0,888.0,3980.0,7989.0,9.51,22.37,7.18,49.82,11.12
E02000421,Haringey 025,708.0,2735.0,820.0,1125.0,3123.0,8511.0,8.32,32.13,9.63,36.69,13.22
E02000422,Haringey 026,760.0,1719.0,474.0,944.0,3558.0,7455.0,10.19,23.06,6.36,47.73,12.66
E02000423,Haringey 027,775.0,723.0,467.0,786.0,4157.0,6908.0,11.22,10.47,6.76,60.18,11.38
E02000424,Haringey 028,306.0,758.0,573.0,352.0,4765.0,6754.0,4.53,11.22,8.48,70.55,5.21
E02000425,Haringey 029,413.0,936.0,308.0,1340.0,5172.0,8169.0,5.06,11.46,3.77,63.31,16.4
E02000426,Haringey 030,634.0,365.0,502.0,406.0,4584.0,6491.0,9.77,5.62,7.73,70.62,6.25
E02000427,Haringey 031,491.0,651.0,488.0,574.0,4419.0,6623.0,7.41,9.83,7.37,66.72,8.67
E02000428,Haringey 032,631.0,1972.0,534.0,1060.0,4237.0,8434.0,7.48,23.38,6.33,50.24,12.57
E02000429,Haringey 033,412.0,359.0,469.0,344.0,5212.0,6796.0,6.06,5.28,6.9,76.69,5.06
E02000430,Haringey 034,380.0,439.0,528.0,315.0,5258.0,6920.0,5.49,6.34,7.63,75.98,4.55
E02000431,Haringey 035,413.0,210.0,395.0,201.0,4628.0,5847.0,7.06,3.59,6.76,79.15,3.44
E02000432,Haringey 036,352.0,686.0,441.0,361.0,4280.0,6120.0,5.75,11.21,7.21,69.93,5.9
E02000433,Harrow 001,3231.0,480.0,249.0,642.0,4000.0,8602.0,37.56,5.58,2.89,46.5,7.46
E02000434,Harrow 002,4077.0,713.0,306.0,799.0,3956.0,9851.0,41.39,7.24,3.11,40.16,8.11
E02000435,Harrow 003,3439.0,660.0,275.0,591.0,3224.0,8189.0,42.0,8.06,3.36,39.37,7.22
E02000436,Harrow 004,2758.0,208.0,171.0,262.0,2355.0,5754.0,47.93,3.61,2.97,40.93,4.55
E02000437,Harrow 005,3279.0,738.0,288.0,704.0,3751.0,8760.0,37.43,8.42,3.29,42.82,8.04
E02000438,Harrow 006,3086.0,955.0,365.0,502.0,3640.0,8548.0,36.1,11.17,4.27,42.58,5.87
E02000439,Harrow 007,3702.0,868.0,298.0,758.0,3642.0,9268.0,39.94,9.37,3.22,39.3,8.18
E02000440,Harrow 008,5018.0,418.0,269.0,572.0,3331.0,9608.0,52.23,4.35,2.8,34.67,5.95
E02000441,Harrow 009,3132.0,569.0,324.0,448.0,3010.0,7483.0,41.85,7.6,4.33,40.22,5.99
E02000442,Harrow 010,5016.0,423.0,195.0,732.0,3219.0,9585.0,52.33,4.41,2.03,33.58,7.64
E02000443,Harrow 011,4483.0,1256.0,408.0,1134.0,3470.0,10751.0,41.7,11.68,3.79,32.28,10.55
E02000444,Harrow 012,4842.0,378.0,178.0,529.0,2787.0,8714.0,55.57,4.34,2.04,31.98,6.07
E02000445,Harrow 013,4963.0,1251.0,515.0,793.0,4252.0,11774.0,42.15,10.63,4.37,36.11,6.74
E02000447,Harrow 015,4118.0,526.0,404.0,536.0,2606.0,8190.0,50.28,6.42,4.93,31.82,6.54
E02000448,Harrow 016,2458.0,290.0,296.0,385.0,3645.0,7074.0,34.75,4.1,4.18,51.53,5.44
E02000449,Harrow 017,4364.0,482.0,230.0,509.0,2712.0,8297.0,52.6,5.81,2.77,32.69,6.13
E02000451,Harrow 019,3354.0,222.0,267.0,303.0,2561.0,6707.0,50.01,3.31,3.98,38.18,4.52
E02000452,Harrow 020,3818.0,645.0,523.0,667.0,3851.0,9504.0,40.17,6.79,5.5,40.52,7.02
E02000453,Harrow 021,3504.0,557.0,500.0,622.0,3201.0,8384.0,41.79,6.64,5.96,38.18,7.42
E02000454,Harrow 022,3493.0,182.0,276.0,365.0,3022.0,7338.0,47.6,2.48,3.76,41.18,4.97
E02000455,Harrow 023,5533.0,816.0,526.0,777.0,4017.0,11669.0,47.42,6.99,4.51,34.42,6.66
E02000456,Harrow 024,2838.0,813.0,464.0,500.0,3209.0,7824.0,36.27,10.39,5.93,41.01,6.39
E02000457,Harrow 025,3451.0,475.0,271.0,559.0,2304.0,7060.0,48.88,6.73,3.84,32.63,7.92
E02000459,Harrow 027,4042.0,986.0,395.0,865.0,3033.0,9321.0,43.36,10.58,4.24,32.54,9.28
E02000460,Harrow 028,3592.0,933.0,306.0,643.0,1835.0,7309.0,49.14,12.77,4.19,25.11,8.8
E02000461,Harrow 029,2534.0,484.0,364.0,488.0,3417.0,7287.0,34.77,6.64,5.0,46.89,6.7
E02000462,Harrow 030,3411.0,624.0,248.0,721.0,1979.0,6983.0,48.85,8.94,3.55,28.34,10.33
E02000463,Harrow 031,3836.0,968.0,312.0,845.0,2744.0,8705.0,44.07,11.12,3.58,31.52,9.71
E02000464,Havering 001,555.0,828.0,303.0,104.0,5966.0,7756.0,7.16,10.68,3.91,76.92,1.34
E02000465,Havering 002,925.0,1025.0,329.0,158.0,6908.0,9345.0,9.9,10.97,3.52,73.92,1.69
E02000466,Havering 003,734.0,781.0,396.0,152.0,7002.0,9065.0,8.1,8.62,4.37,77.24,1.68
E02000467,Havering 004,819.0,1876.0,570.0,213.0,7980.0,11458.0,7.15,16.37,4.97,69.65,1.86
E02000468,Havering 005,899.0,764.0,348.0,190.0,6446.0,8647.0,10.4,8.84,4.02,74.55,2.2
E02000469,Havering 006,672.0,963.0,311.0,154.0,5185.0,7285.0,9.22,13.22,4.27,71.17,2.11
E02000470,Havering 007,990.0,599.0,375.0,94.0,7728.0,9786.0,10.12,6.12,3.83,78.97,0.96
E02000471,Havering 008,852.0,380.0,211.0,168.0,6212.0,7823.0,10.89,4.86,2.7,79.41,2.15
E02000472,Havering 009,1252.0,579.0,383.0,259.0,7002.0,9475.0,13.21,6.11,4.04,73.9,2.73
E02000473,Havering 010,1267.0,639.0,386.0,221.0,7981.0,10494.0,12.07,6.09,3.68,76.05,2.11
E02000474,Havering 011,1248.0,861.0,422.0,202.0,6455.0,9188.0,13.58,9.37,4.59,70.25,2.2
E02000475,Havering 012,1194.0,581.0,315.0,251.0,7272.0,9613.0,12.42,6.04,3.28,75.65,2.61
E02000476,Havering 013,1416.0,962.0,474.0,327.0,6185.0,9364.0,15.12,10.27,5.06,66.05,3.49
E02000477,Havering 014,919.0,304.0,355.0,131.0,7825.0,9534.0,9.64,3.19,3.72,82.07,1.37
E02000478,Havering 015,1612.0,268.0,126.0,302.0,3681.0,5989.0,26.92,4.47,2.1,61.46,5.04
E02000479,Havering 016,1213.0,884.0,447.0,288.0,6618.0,9450.0,12.84,9.35,4.73,70.03,3.05
E02000480,Havering 017,2813.0,1877.0,712.0,501.0,7937.0,13840.0,20.33,13.56,5.14,57.35,3.62
E02000481,Havering 018,344.0,272.0,202.0,64.0,7354.0,8236.0,4.18,3.3,2.45,89.29,0.78
E02000482,Havering 019,355.0,99.0,190.0,46.0,5899.0,6589.0,5.39,1.5,2.88,89.53,0.7
E02000483,Havering 020,474.0,343.0,255.0,116.0,6815.0,8003.0,5.92,4.29,3.19,85.16,1.45
E02000484,Havering 021,813.0,544.0,250.0,163.0,6718.0,8488.0,9.58,6.41,2.95,79.15,1.92
E02000485,Havering 022,509.0,361.0,243.0,118.0,7246.0,8477.0,6.0,4.26,2.87,85.48,1.39
E02000486,Havering 023,658.0,372.0,232.0,112.0,5981.0,7355.0,8.95,5.06,3.15,81.32,1.52
E02000487,Havering 024,248.0,89.0,178.0,54.0,7344.0,7913.0,3.13,1.12,2.25,92.81,0.68
E02000488,Havering 025,528.0,287.0,162.0,109.0,6492.0,7578.0,6.97,3.79,2.14,85.67,1.44
E02000489,Havering 026,1043.0,749.0,361.0,152.0,6329.0,8634.0,12.08,8.68,4.18,73.3,1.76
E02000490,Havering 027,852.0,985.0,253.0,95.0,6284.0,8469.0,10.06,11.63,2.99,74.2,1.12
E02000491,Havering 028,1424.0,1690.0,461.0,219.0,6842.0,10636.0,13.39,15.89,4.33,64.33,2.06
E02000492,Havering 029,554.0,594.0,181.0,115.0,5389.0,6833.0,8.11,8.69,2.65,78.87,1.68
E02000493,Havering 030,972.0,1001.0,328.0,196.0,4244.0,6741.0,14.42,14.85,4.87,62.96,2.91
E02000494,Hillingdon 001,3564.0,292.0,321.0,280.0,3495.0,7952.0,44.82,3.67,4.04,43.95,3.52
E02000495,Hillingdon 002,3088.0,520.0,430.0,500.0,5881.0,10419.0,29.64,4.99,4.13,56.44,4.8
E02000496,Hillingdon 003,734.0,212.0,310.0,168.0,6379.0,7803.0,9.41,2.72,3.97,81.75,2.15
E02000497,Hillingdon 004,2491.0,439.0,415.0,372.0,5804.0,9521.0,26.16,4.61,4.36,60.96,3.91
E02000498,Hillingdon 005,855.0,165.0,296.0,169.0,4892.0,6377.0,13.41,2.59,4.64,76.71,2.65
E02000499,Hillingdon 006,2155.0,180.0,323.0,256.0,4813.0,7727.0,27.89,2.33,4.18,62.29,3.31
E02000500,Hillingdon 007,1591.0,172.0,355.0,275.0,5887.0,8280.0,19.21,2.08,4.29,71.1,3.32
E02000501,Hillingdon 008,1813.0,292.0,409.0,254.0,5706.0,8474.0,21.39,3.45,4.83,67.34,3.0
E02000502,Hillingdon 009,1905.0,407.0,403.0,315.0,5901.0,8931.0,21.33,4.56,4.51,66.07,3.53
E02000503,Hillingdon 010,1566.0,294.0,407.0,280.0,6143.0,8690.0,18.02,3.38,4.68,70.69,3.22
E02000504,Hillingdon 011,1627.0,120.0,280.0,247.0,5370.0,7644.0,21.28,1.57,3.66,70.25,3.23
E02000506,Hillingdon 013,2684.0,233.0,313.0,556.0,4178.0,7964.0,33.7,2.93,3.93,52.46,6.98
E02000507,Hillingdon 014,2325.0,461.0,409.0,466.0,4582.0,8243.0,28.21,5.59,4.96,55.59,5.65
E02000508,Hillingdon 015,3215.0,926.0,765.0,744.0,6300.0,11950.0,26.9,7.75,6.4,52.72,6.23
E02000509,Hillingdon 016,2730.0,1031.0,717.0,569.0,5511.0,10558.0,25.86,9.77,6.79,52.2,5.39
E02000510,Hillingdon 017,2851.0,556.0,436.0,594.0,4677.0,9114.0,31.28,6.1,4.78,51.32,6.52
E02000511,Hillingdon 018,3768.0,838.0,350.0,918.0,4060.0,9934.0,37.93,8.44,3.52,40.87,9.24
E02000512,Hillingdon 019,2813.0,1011.0,440.0,640.0,3919.0,8823.0,31.88,11.46,4.99,44.42,7.25
E02000513,Hillingdon 020,3865.0,1638.0,383.0,823.0,3051.0,9760.0,39.6,16.78,3.92,31.26,8.43
E02000514,Hillingdon 021,6281.0,999.0,255.0,1140.0,1998.0,10673.0,58.85,9.36,2.39,18.72,10.68
E02000515,Hillingdon 022,3185.0,1485.0,622.0,778.0,7222.0,13292.0,23.96,11.17,4.68,54.33,5.85
E02000516,Hillingdon 023,4104.0,908.0,423.0,978.0,2233.0,8646.0,47.47,10.5,4.89,25.83,11.31
E02000517,Hillingdon 024,4226.0,1494.0,448.0,912.0,3393.0,10473.0,40.35,14.27,4.28,32.4,8.71
E02000518,Hillingdon 025,2375.0,982.0,426.0,476.0,5373.0,9632.0,24.66,10.2,4.42,55.78,4.94
E02000519,Hillingdon 026,4585.0,1317.0,321.0,996.0,2335.0,9554.0,47.99,13.78,3.36,24.44,10.42
E02000520,Hillingdon 027,6825.0,1762.0,573.0,1257.0,3646.0,14063.0,48.53,12.53,4.07,25.93,8.94
E02000521,Hillingdon 028,5237.0,1425.0,595.0,853.0,5081.0,13191.0,39.7,10.8,4.51,38.52,6.47
E02000522,Hillingdon 029,2627.0,857.0,487.0,494.0,5114.0,9579.0,27.42,8.95,5.08,53.39,5.16
E02000523,Hillingdon 030,6680.0,970.0,318.0,1140.0,2264.0,11372.0,58.74,8.53,2.8,19.91,10.02
E02000524,Hillingdon 031,2616.0,434.0,286.0,400.0,3797.0,7533.0,34.73,5.76,3.8,50.4,5.31
E02000525,Hillingdon 032,4974.0,1002.0,378.0,893.0,2817.0,10064.0,49.42,9.96,3.76,27.99,8.87
E02000526,Hounslow 001,797.0,472.0,524.0,405.0,6442.0,8640.0,9.22,5.46,6.06,74.56,4.69
E02000529,Hounslow 004,5712.0,712.0,283.0,1385.0,1626.0,9718.0,58.78,7.33,2.91,16.73,14.25
E02000530,Hounslow 005,4066.0,1277.0,327.0,849.0,1597.0,8116.0,50.1,15.73,4.03,19.68,10.46
E02000531,Hounslow 006,1564.0,985.0,710.0,687.0,7635.0,11581.0,13.5,8.51,6.13,65.93,5.93
E02000532,Hounslow 007,829.0,450.0,605.0,463.0,6628.0,8975.0,9.24,5.01,6.74,73.85,5.16
E02000533,Hounslow 008,718.0,426.0,603.0,424.0,6229.0,8400.0,8.55,5.07,7.18,74.15,5.05
E02000534,Hounslow 009,3129.0,467.0,441.0,649.0,3868.0,8554.0,36.58,5.46,5.16,45.22,7.59
E02000535,Hounslow 010,6604.0,391.0,259.0,1031.0,1767.0,10052.0,65.7,3.89,2.58,17.58,10.26
E02000536,Hounslow 011,6493.0,570.0,334.0,1083.0,2361.0,10841.0,59.89,5.26,3.08,21.78,9.99
E02000537,Hounslow 012,5723.0,295.0,368.0,830.0,2629.0,9845.0,58.13,3.0,3.74,26.7,8.43
E02000538,Hounslow 013,6415.0,536.0,266.0,873.0,2019.0,10109.0,63.46,5.3,2.63,19.97,8.64
E02000539,Hounslow 014,2666.0,913.0,896.0,725.0,7024.0,12224.0,21.81,7.47,7.33,57.46,5.93
E02000540,Hounslow 015,4851.0,953.0,627.0,867.0,4820.0,12118.0,40.03,7.86,5.17,39.78,7.15
E02000541,Hounslow 016,6078.0,726.0,300.0,887.0,2628.0,10619.0,57.24,6.84,2.83,24.75,8.35
E02000542,Hounslow 017,7346.0,813.0,490.0,891.0,2764.0,12304.0,59.7,6.61,3.98,22.46,7.24
E02000543,Hounslow 018,7472.0,732.0,526.0,872.0,4403.0,14005.0,53.35,5.23,3.76,31.44,6.23
E02000544,Hounslow 019,3266.0,319.0,348.0,572.0,4059.0,8564.0,38.14,3.72,4.06,47.4,6.68
E02000545,Hounslow 020,1680.0,1262.0,436.0,561.0,5299.0,9238.0,18.19,13.66,4.72,57.36,6.07
E02000546,Hounslow 021,6164.0,610.0,335.0,761.0,2557.0,10427.0,59.12,5.85,3.21,24.52,7.3
E02000547,Hounslow 022,4024.0,917.0,438.0,636.0,4987.0,11002.0,36.58,8.33,3.98,45.33,5.78
E02000548,Hounslow 023,2964.0,1003.0,429.0,530.0,5651.0,10577.0,28.02,9.48,4.06,53.43,5.01
E02000549,Hounslow 024,4374.0,681.0,536.0,861.0,6083.0,12535.0,34.89,5.43,4.28,48.53,6.87
E02000550,Hounslow 025,3341.0,1012.0,428.0,593.0,5339.0,10713.0,31.19,9.45,4.0,49.84,5.54
E02000551,Hounslow 026,2482.0,997.0,447.0,555.0,5273.0,9754.0,25.45,10.22,4.58,54.06,5.69
E02000552,Hounslow 027,2150.0,723.0,602.0,394.0,5393.0,9262.0,23.21,7.81,6.5,58.23,4.25
E02000553,Hounslow 028,1387.0,563.0,344.0,476.0,4344.0,7114.0,19.5,7.91,4.84,61.06,6.69
E02000554,Islington 001,703.0,1804.0,759.0,811.0,5279.0,9356.0,7.51,19.28,8.11,56.42,8.67
E02000555,Islington 002,738.0,1332.0,663.0,737.0,6101.0,9571.0,7.71,13.92,6.93,63.74,7.7
E02000556,Islington 003,1306.0,1437.0,820.0,797.0,7033.0,11393.0,11.46,12.61,7.2,61.73,7.0
E02000557,Islington 004,730.0,1149.0,838.0,519.0,5545.0,8781.0,8.31,13.09,9.54,63.15,5.91
E02000558,Islington 005,1094.0,2594.0,678.0,1079.0,3984.0,9429.0,11.6,27.51,7.19,42.25,11.44
E02000559,Islington 006,772.0,1358.0,665.0,564.0,6224.0,9583.0,8.06,14.17,6.94,64.95,5.89
E02000560,Islington 007,727.0,872.0,551.0,600.0,4604.0,7354.0,9.89,11.86,7.49,62.61,8.16
E02000561,Islington 008,437.0,625.0,579.0,339.0,5404.0,7384.0,5.92,8.46,7.84,73.19,4.59
E02000562,Islington 009,667.0,946.0,563.0,561.0,5128.0,7865.0,8.48,12.03,7.16,65.2,7.13
E02000563,Islington 010,761.0,1378.0,754.0,821.0,4967.0,8681.0,8.77,15.87,8.69,57.22,9.46
E02000564,Islington 011,1708.0,1422.0,965.0,785.0,7538.0,12418.0,13.75,11.45,7.77,60.7,6.32
E02000565,Islington 012,634.0,1656.0,644.0,685.0,4923.0,8542.0,7.42,19.39,7.54,57.63,8.02
E02000566,Islington 013,636.0,674.0,640.0,415.0,6192.0,8557.0,7.43,7.88,7.48,72.36,4.85
E02000567,Islington 014,682.0,1084.0,830.0,603.0,7240.0,10439.0,6.53,10.38,7.95,69.36,5.78
E02000568,Islington 015,1509.0,1791.0,947.0,887.0,6208.0,11342.0,13.3,15.79,8.35,54.73,7.82
E02000569,Islington 016,820.0,1130.0,756.0,699.0,6538.0,9943.0,8.25,11.36,7.6,65.75,7.03
E02000570,Islington 017,487.0,505.0,629.0,327.0,6338.0,8286.0,5.88,6.09,7.59,76.49,3.95
E02000571,Islington 018,720.0,1046.0,683.0,504.0,5970.0,8923.0,8.07,11.72,7.65,66.91,5.65
E02000572,Islington 019,1344.0,1561.0,666.0,761.0,4272.0,8604.0,15.62,18.14,7.74,49.65,8.84
E02000573,Islington 020,1102.0,846.0,681.0,461.0,7223.0,10313.0,10.69,8.2,6.6,70.04,4.47
E02000574,Islington 021,1066.0,744.0,539.0,447.0,5037.0,7833.0,13.61,9.5,6.88,64.3,5.71
E02000575,Islington 022,1511.0,1163.0,698.0,956.0,6984.0,11312.0,13.36,10.28,6.17,61.74,8.45
E02000576,Islington 023,1380.0,1622.0,679.0,977.0,6017.0,10675.0,12.93,15.19,6.36,56.37,9.15
E02000577,Kensington and Chelsea 001,830.0,1581.0,767.0,1363.0,3170.0,7711.0,10.76,20.5,9.95,41.11,17.68
E02000578,Kensington and Chelsea 002,448.0,1082.0,443.0,851.0,3180.0,6004.0,7.46,18.02,7.38,52.96,14.17
E02000579,Kensington and Chelsea 003,846.0,1344.0,657.0,855.0,5291.0,8993.0,9.41,14.94,7.31,58.83,9.51
E02000580,Kensington and Chelsea 004,855.0,1146.0,725.0,888.0,4281.0,7895.0,10.83,14.52,9.18,54.22,11.25
E02000581,Kensington and Chelsea 005,963.0,1395.0,661.0,977.0,3396.0,7392.0,13.03,18.87,8.94,45.94,13.22
E02000582,Kensington and Chelsea 006,725.0,273.0,437.0,490.0,4622.0,6547.0,11.07,4.17,6.67,70.6,7.48
E02000583,Kensington and Chelsea 007,510.0,420.0,423.0,355.0,4723.0,6431.0,7.93,6.53,6.58,73.44,5.52
E02000584,Kensington and Chelsea 008,735.0,287.0,521.0,536.0,5094.0,7173.0,10.25,4.0,7.26,71.02,7.47
E02000585,Kensington and Chelsea 009,1344.0,533.0,494.0,988.0,4730.0,8089.0,16.62,6.59,6.11,58.47,12.21
E02000586,Kensington and Chelsea 010,987.0,99.0,284.0,634.0,4472.0,6476.0,15.24,1.53,4.39,69.05,9.79
E02000587,Kensington and Chelsea 011,779.0,159.0,381.0,695.0,4479.0,6493.0,12.0,2.45,5.87,68.98,10.7
E02000588,Kensington and Chelsea 012,663.0,99.0,349.0,461.0,4412.0,5984.0,11.08,1.65,5.83,73.73,7.7
E02000589,Kensington and Chelsea 013,1348.0,349.0,475.0,691.0,4384.0,7247.0,18.6,4.82,6.55,60.49,9.53
E02000590,Kensington and Chelsea 014,917.0,394.0,359.0,616.0,3689.0,5975.0,15.35,6.59,6.01,61.74,10.31
E02000591,Kensington and Chelsea 015,1069.0,483.0,397.0,983.0,3278.0,6210.0,17.21,7.78,6.39,52.79,15.83
E02000592,Kensington and Chelsea 016,740.0,103.0,308.0,365.0,4244.0,5760.0,12.85,1.79,5.35,73.68,6.34
E02000593,Kensington and Chelsea 017,878.0,243.0,439.0,497.0,5336.0,7393.0,11.88,3.29,5.94,72.18,6.72
E02000594,Kensington and Chelsea 018,471.0,263.0,274.0,353.0,5127.0,6488.0,7.26,4.05,4.22,79.02,5.44
E02000595,Kensington and Chelsea 019,481.0,190.0,277.0,361.0,4855.0,6164.0,7.8,3.08,4.49,78.76,5.86
E02000596,Kensington and Chelsea 020,594.0,141.0,387.0,393.0,5102.0,6617.0,8.98,2.13,5.85,77.1,5.94
E02000597,Kensington and Chelsea 021,842.0,696.0,464.0,804.0,3529.0,6335.0,13.29,10.99,7.32,55.71,12.69
E02000598,Kingston upon Thames 001,1235.0,133.0,477.0,313.0,5939.0,8097.0,15.25,1.64,5.89,73.35,3.87
E02000599,Kingston upon Thames 002,1678.0,212.0,357.0,909.0,3856.0,7012.0,23.93,3.02,5.09,54.99,12.96
E02000600,Kingston upon Thames 003,1568.0,290.0,510.0,565.0,5426.0,8359.0,18.76,3.47,6.1,64.91,6.76
E02000601,Kingston upon Thames 004,1927.0,276.0,730.0,595.0,8375.0,11903.0,16.19,2.32,6.13,70.36,5.0
E02000602,Kingston upon Thames 005,1726.0,598.0,629.0,693.0,6667.0,10313.0,16.74,5.8,6.1,64.65,6.72
E02000603,Kingston upon Thames 006,2199.0,377.0,465.0,744.0,4849.0,8634.0,25.47,4.37,5.39,56.16,8.62
E02000604,Kingston upon Thames 007,2476.0,206.0,533.0,510.0,5514.0,9239.0,26.8,2.23,5.77,59.68,5.52
E02000605,Kingston upon Thames 008,1864.0,154.0,468.0,525.0,5482.0,8493.0,21.95,1.81,5.51,64.55,6.18
E02000606,Kingston upon Thames 009,1426.0,242.0,599.0,651.0,7643.0,10561.0,13.5,2.29,5.67,72.37,6.16
E02000607,Kingston upon Thames 010,628.0,229.0,386.0,201.0,5346.0,6790.0,9.25,3.37,5.68,78.73,2.96
E02000608,Kingston upon Thames 011,898.0,185.0,408.0,262.0,5447.0,7200.0,12.47,2.57,5.67,75.65,3.64
E02000609,Kingston upon Thames 012,2381.0,209.0,337.0,674.0,4028.0,7629.0,31.21,2.74,4.42,52.8,8.83
E02000610,Kingston upon Thames 013,992.0,240.0,411.0,310.0,6001.0,7954.0,12.47,3.02,5.17,75.45,3.9
E02000611,Kingston upon Thames 014,1262.0,114.0,370.0,337.0,5356.0,7439.0,16.96,1.53,4.97,72.0,4.53
E02000612,Kingston upon Thames 015,1910.0,160.0,418.0,510.0,5258.0,8256.0,23.13,1.94,5.06,63.69,6.18
E02000613,Kingston upon Thames 016,868.0,225.0,451.0,270.0,6282.0,8096.0,10.72,2.78,5.57,77.59,3.33
E02000614,Kingston upon Thames 017,2521.0,381.0,435.0,673.0,5284.0,9294.0,27.13,4.1,4.68,56.85,7.24
E02000615,Kingston upon Thames 018,977.0,161.0,351.0,282.0,6110.0,7881.0,12.4,2.04,4.45,77.53,3.58
E02000616,Kingston upon Thames 019,509.0,124.0,271.0,130.0,5026.0,6060.0,8.4,2.05,4.47,82.94,2.15
E02000617,Kingston upon Thames 020,900.0,223.0,389.0,403.0,6950.0,8865.0,10.15,2.52,4.39,78.4,4.55
E02000619,Lambeth 002,682.0,2753.0,762.0,581.0,4323.0,9101.0,7.49,30.25,8.37,47.5,6.38
E02000620,Lambeth 003,760.0,2322.0,784.0,712.0,5267.0,9845.0,7.72,23.59,7.96,53.5,7.23
E02000621,Lambeth 004,1565.0,2181.0,865.0,892.0,7019.0,12522.0,12.5,17.42,6.91,56.05,7.12
E02000622,Lambeth 005,550.0,1932.0,765.0,483.0,4676.0,8406.0,6.54,22.98,9.1,55.63,5.75
E02000623,Lambeth 006,400.0,2446.0,531.0,648.0,3833.0,7858.0,5.09,31.13,6.76,48.78,8.25
E02000624,Lambeth 007,518.0,2929.0,776.0,544.0,4866.0,9633.0,5.38,30.41,8.06,50.51,5.65
E02000625,Lambeth 008,698.0,3012.0,736.0,765.0,4089.0,9300.0,7.51,32.39,7.91,43.97,8.23
E02000626,Lambeth 009,437.0,3762.0,766.0,634.0,2762.0,8361.0,5.23,44.99,9.16,33.03,7.58
E02000627,Lambeth 010,539.0,2728.0,714.0,520.0,5051.0,9552.0,5.64,28.56,7.47,52.88,5.44
E02000628,Lambeth 011,540.0,3992.0,963.0,867.0,4422.0,10784.0,5.01,37.02,8.93,41.01,8.04
E02000629,Lambeth 012,516.0,1542.0,616.0,345.0,6099.0,9118.0,5.66,16.91,6.76,66.89,3.78
E02000630,Lambeth 013,347.0,1033.0,515.0,222.0,5422.0,7539.0,4.6,13.7,6.83,71.92,2.94
E02000631,Lambeth 014,685.0,2109.0,776.0,481.0,5477.0,9528.0,7.19,22.13,8.14,57.48,5.05
E02000632,Lambeth 015,449.0,1500.0,647.0,317.0,6672.0,9585.0,4.68,15.65,6.75,69.61,3.31
E02000633,Lambeth 016,506.0,3218.0,789.0,489.0,4162.0,9164.0,5.52,35.12,8.61,45.42,5.34
E02000634,Lambeth 017,385.0,1611.0,497.0,404.0,3876.0,6773.0,5.68,23.79,7.34,57.23,5.96
E02000635,Lambeth 018,573.0,2484.0,802.0,450.0,5502.0,9811.0,5.84,25.32,8.17,56.08,4.59
E02000636,Lambeth 019,420.0,680.0,441.0,213.0,5963.0,7717.0,5.44,8.81,5.71,77.27,2.76
E02000637,Lambeth 020,354.0,1428.0,616.0,535.0,5470.0,8403.0,4.21,16.99,7.33,65.1,6.37
E02000638,Lambeth 021,639.0,2781.0,893.0,560.0,5383.0,10256.0,6.23,27.12,8.71,52.49,5.46
E02000639,Lambeth 022,482.0,2644.0,777.0,712.0,3703.0,8318.0,5.79,31.79,9.34,44.52,8.56
E02000640,Lambeth 023,666.0,1247.0,611.0,342.0,6430.0,9296.0,7.16,13.41,6.57,69.17,3.68
E02000641,Lambeth 024,434.0,3689.0,704.0,692.0,3110.0,8629.0,5.03,42.75,8.16,36.04,8.02
E02000642,Lambeth 025,526.0,2141.0,877.0,354.0,5914.0,9812.0,5.36,21.82,8.94,60.27,3.61
E02000643,Lambeth 026,625.0,2004.0,700.0,556.0,5492.0,9377.0,6.67,21.37,7.47,58.57,5.93
E02000644,Lambeth 027,582.0,1608.0,792.0,418.0,5118.0,8518.0,6.83,18.88,9.3,60.08,4.91
E02000645,Lambeth 028,555.0,1903.0,839.0,491.0,5746.0,9534.0,5.82,19.96,8.8,60.27,5.15
E02000646,Lambeth 029,1329.0,1076.0,815.0,516.0,5761.0,9497.0,13.99,11.33,8.58,60.66,5.43
E02000647,Lambeth 030,698.0,1622.0,812.0,394.0,5067.0,8593.0,8.12,18.88,9.45,58.97,4.59
E02000648,Lambeth 031,432.0,2778.0,795.0,369.0,3449.0,7823.0,5.52,35.51,10.16,44.09,4.72
E02000649,Lambeth 032,986.0,2155.0,1101.0,842.0,7395.0,12479.0,7.9,17.27,8.82,59.26,6.75
E02000650,Lambeth 033,356.0,1993.0,699.0,299.0,4315.0,7662.0,4.65,26.01,9.12,56.32,3.9
E02000651,Lambeth 034,807.0,1747.0,740.0,443.0,5002.0,8739.0,9.23,19.99,8.47,57.24,5.07
E02000652,Lambeth 035,1373.0,1852.0,567.0,489.0,3278.0,7559.0,18.16,24.5,7.5,43.37,6.47
E02000653,Lewisham 001,1737.0,3518.0,825.0,791.0,5734.0,12605.0,13.78,27.91,6.55,45.49,6.28
E02000654,Lewisham 002,1059.0,3547.0,664.0,453.0,3069.0,8792.0,12.05,40.34,7.55,34.91,5.15
E02000655,Lewisham 003,891.0,3528.0,952.0,690.0,4224.0,10285.0,8.66,34.3,9.26,41.07,6.71
E02000657,Lewisham 005,739.0,2742.0,807.0,510.0,5110.0,9908.0,7.46,27.67,8.14,51.57,5.15
E02000658,Lewisham 006,524.0,2232.0,716.0,518.0,4630.0,8620.0,6.08,25.89,8.31,53.71,6.01
E02000659,Lewisham 007,757.0,1572.0,593.0,290.0,4850.0,8062.0,9.39,19.5,7.36,60.16,3.6
E02000660,Lewisham 008,706.0,1644.0,663.0,343.0,4849.0,8205.0,8.6,20.04,8.08,59.1,4.18
E02000661,Lewisham 009,422.0,807.0,505.0,239.0,4525.0,6498.0,6.49,12.42,7.77,69.64,3.68
E02000662,Lewisham 010,524.0,2792.0,696.0,339.0,3947.0,8298.0,6.31,33.65,8.39,47.57,4.09
E02000663,Lewisham 011,473.0,1584.0,555.0,260.0,3926.0,6798.0,6.96,23.3,8.16,57.75,3.82
E02000665,Lewisham 013,567.0,1478.0,590.0,307.0,5216.0,8158.0,6.95,18.12,7.23,63.94,3.76
E02000666,Lewisham 014,590.0,1572.0,614.0,285.0,4127.0,7188.0,8.21,21.87,8.54,57.42,3.96
E02000667,Lewisham 015,440.0,1239.0,538.0,232.0,4237.0,6686.0,6.58,18.53,8.05,63.37,3.47
E02000668,Lewisham 016,665.0,1061.0,571.0,289.0,4276.0,6862.0,9.69,15.46,8.32,62.31,4.21
E02000669,Lewisham 017,861.0,1828.0,799.0,320.0,4164.0,7972.0,10.8,22.93,10.02,52.23,4.01
E02000670,Lewisham 018,494.0,2530.0,597.0,409.0,2677.0,6707.0,7.37,37.72,8.9,39.91,6.1
E02000671,Lewisham 019,482.0,1667.0,734.0,333.0,5521.0,8737.0,5.52,19.08,8.4,63.19,3.81
E02000672,Lewisham 020,1102.0,2906.0,883.0,497.0,4884.0,10272.0,10.73,28.29,8.6,47.55,4.84
E02000673,Lewisham 021,494.0,1291.0,670.0,259.0,5428.0,8142.0,6.07,15.86,8.23,66.67,3.18
E02000674,Lewisham 022,756.0,2649.0,636.0,377.0,4036.0,8454.0,8.94,31.33,7.52,47.74,4.46
E02000675,Lewisham 023,877.0,1721.0,699.0,355.0,4878.0,8530.0,10.28,20.18,8.19,57.19,4.16
E02000676,Lewisham 024,462.0,1633.0,702.0,244.0,4779.0,7820.0,5.91,20.88,8.98,61.11,3.12
E02000677,Lewisham 025,796.0,2306.0,561.0,453.0,3094.0,7210.0,11.04,31.98,7.78,42.91,6.28
E02000678,Lewisham 026,560.0,2539.0,511.0,262.0,3088.0,6960.0,8.05,36.48,7.34,44.37,3.76
E02000679,Lewisham 027,571.0,2027.0,678.0,327.0,4530.0,8133.0,7.02,24.92,8.34,55.7,4.02
E02000680,Lewisham 028,504.0,1752.0,605.0,326.0,3849.0,7036.0,7.16,24.9,8.6,54.7,4.63
E02000681,Lewisham 029,751.0,2835.0,661.0,382.0,3845.0,8474.0,8.86,33.46,7.8,45.37,4.51
E02000682,Lewisham 030,1084.0,3267.0,698.0,543.0,3341.0,8933.0,12.13,36.57,7.81,37.4,6.08
E02000683,Lewisham 031,463.0,1955.0,517.0,329.0,3503.0,6767.0,6.84,28.89,7.64,51.77,4.86
E02000685,Lewisham 033,518.0,2092.0,712.0,372.0,4437.0,8131.0,6.37,25.73,8.76,54.57,4.58
E02000686,Lewisham 034,692.0,2889.0,616.0,401.0,2939.0,7537.0,9.18,38.33,8.17,38.99,5.32
E02000687,Lewisham 035,500.0,2145.0,648.0,265.0,4708.0,8266.0,6.05,25.95,7.84,56.96,3.21
E02000689,Merton 001,1008.0,329.0,540.0,339.0,6841.0,9057.0,11.13,3.63,5.96,75.53,3.74
E02000690,Merton 002,599.0,90.0,287.0,191.0,4357.0,5524.0,10.84,1.63,5.2,78.87,3.46
E02000691,Merton 003,944.0,343.0,397.0,272.0,5402.0,7358.0,12.83,4.66,5.4,73.42,3.7
E02000692,Merton 004,1134.0,168.0,424.0,247.0,5683.0,7656.0,14.81,2.19,5.54,74.23,3.23
E02000693,Merton 005,1484.0,781.0,726.0,448.0,6410.0,9849.0,15.07,7.93,7.37,65.08,4.55
E02000694,Merton 006,1097.0,407.0,546.0,317.0,6736.0,9103.0,12.05,4.47,6.0,74.0,3.48
E02000695,Merton 007,2392.0,1405.0,475.0,520.0,3851.0,8643.0,27.68,16.26,5.5,44.56,6.02
E02000696,Merton 008,1802.0,1149.0,499.0,523.0,4661.0,8634.0,20.87,13.31,5.78,53.98,6.06
E02000697,Merton 009,1328.0,236.0,609.0,332.0,6220.0,8725.0,15.22,2.7,6.98,71.29,3.81
E02000698,Merton 010,1231.0,200.0,471.0,239.0,6094.0,8235.0,14.95,2.43,5.72,74.0,2.9
E02000699,Merton 011,1323.0,159.0,582.0,246.0,5898.0,8208.0,16.12,1.94,7.09,71.86,3.0
E02000700,Merton 012,1605.0,1472.0,511.0,470.0,4607.0,8665.0,18.52,16.99,5.9,53.17,5.42
E02000701,Merton 013,2597.0,1518.0,508.0,618.0,3770.0,9011.0,28.82,16.85,5.64,41.84,6.86
E02000702,Merton 014,1635.0,2467.0,695.0,471.0,4054.0,9322.0,17.54,26.46,7.46,43.49,5.05
E02000703,Merton 015,1473.0,329.0,449.0,269.0,5444.0,7964.0,18.5,4.13,5.64,68.36,3.38
E02000704,Merton 016,1269.0,486.0,556.0,356.0,5933.0,8600.0,14.76,5.65,6.47,68.99,4.14
E02000705,Merton 017,2259.0,2094.0,604.0,616.0,3755.0,9328.0,24.22,22.45,6.48,40.26,6.6
E02000706,Merton 018,2321.0,2220.0,625.0,608.0,4261.0,10035.0,23.13,22.12,6.23,42.46,6.06
E02000707,Merton 019,1430.0,2922.0,532.0,376.0,3042.0,8302.0,17.22,35.2,6.41,36.64,4.53
E02000708,Merton 020,1857.0,361.0,496.0,455.0,5716.0,8885.0,20.9,4.06,5.58,64.33,5.12
E02000709,Merton 021,1373.0,308.0,380.0,250.0,5669.0,7980.0,17.21,3.86,4.76,71.04,3.13
E02000710,Merton 022,2013.0,1356.0,504.0,461.0,4850.0,9184.0,21.92,14.76,5.49,52.81,5.02
E02000711,Merton 023,2459.0,705.0,528.0,526.0,5227.0,9445.0,26.03,7.46,5.59,55.34,5.57
E02000712,Merton 024,2260.0,1038.0,471.0,479.0,5422.0,9670.0,23.37,10.73,4.87,56.07,4.95
E02000713,Merton 025,1131.0,343.0,351.0,268.0,5712.0,7805.0,14.49,4.39,4.5,73.18,3.43
E02000714,Newham 001,2381.0,1638.0,431.0,312.0,2947.0,7709.0,30.89,21.25,5.59,38.23,4.05
E02000715,Newham 002,4101.0,1373.0,260.0,289.0,1276.0,7299.0,56.19,18.81,3.56,17.48,3.96
E02000716,Newham 003,3826.0,1043.0,296.0,295.0,1891.0,7351.0,52.05,14.19,4.03,25.72,4.01
E02000717,Newham 004,5185.0,1048.0,268.0,454.0,1403.0,8358.0,62.04,12.54,3.21,16.79,5.43
E02000718,Newham 005,4053.0,1570.0,282.0,317.0,1182.0,7404.0,54.74,21.2,3.81,15.96,4.28
E02000719,Newham 006,2434.0,1673.0,491.0,371.0,3105.0,8074.0,30.15,20.72,6.08,38.46,4.59
E02000720,Newham 007,4120.0,936.0,302.0,268.0,1866.0,7492.0,54.99,12.49,4.03,24.91,3.58
E02000721,Newham 008,6157.0,1153.0,290.0,398.0,1547.0,9545.0,64.5,12.08,3.04,16.21,4.17
E02000722,Newham 009,2380.0,1506.0,499.0,410.0,3345.0,8140.0,29.24,18.5,6.13,41.09,5.04
E02000723,Newham 010,8336.0,760.0,197.0,458.0,1445.0,11196.0,74.46,6.79,1.76,12.91,4.09
E02000724,Newham 011,6718.0,1238.0,213.0,456.0,1405.0,10030.0,66.98,12.34,2.12,14.01,4.55
E02000725,Newham 012,2891.0,2062.0,587.0,552.0,3895.0,9987.0,28.95,20.65,5.88,39.0,5.53
E02000727,Newham 014,5996.0,814.0,206.0,327.0,1178.0,8521.0,70.37,9.55,2.42,13.82,3.84
E02000728,Newham 015,5464.0,451.0,183.0,517.0,1908.0,8523.0,64.11,5.29,2.15,22.39,6.07
E02000729,Newham 016,3153.0,1361.0,290.0,312.0,2211.0,7327.0,43.03,18.58,3.96,30.18,4.26
E02000730,Newham 017,7288.0,742.0,250.0,364.0,1289.0,9933.0,73.37,7.47,2.52,12.98,3.66
E02000731,Newham 018,6754.0,726.0,276.0,525.0,1685.0,9966.0,67.77,7.28,2.77,16.91,5.27
E02000732,Newham 019,4840.0,1486.0,315.0,574.0,1687.0,8902.0,54.37,16.69,3.54,18.95,6.45
E02000733,Newham 020,2787.0,2558.0,762.0,532.0,3456.0,10095.0,27.61,25.34,7.55,34.23,5.27
E02000734,Newham 021,2407.0,1776.0,368.0,383.0,2368.0,7302.0,32.96,24.32,5.04,32.43,5.25
E02000735,Newham 022,4572.0,1400.0,284.0,374.0,1982.0,8612.0,53.09,16.26,3.3,23.01,4.34
E02000736,Newham 023,4576.0,1442.0,379.0,513.0,2294.0,9204.0,49.72,15.67,4.12,24.92,5.57
E02000737,Newham 024,4836.0,1544.0,405.0,571.0,3027.0,10383.0,46.58,14.87,3.9,29.15,5.5
E02000738,Newham 025,4981.0,1080.0,420.0,499.0,2601.0,9581.0,51.99,11.27,4.38,27.15,5.21
E02000739,Newham 026,2587.0,1723.0,369.0,500.0,2545.0,7724.0,33.49,22.31,4.78,32.95,6.47
E02000740,Newham 027,1755.0,1735.0,434.0,352.0,2494.0,6770.0,25.92,25.63,6.41,36.84,5.2
E02000741,Newham 028,3253.0,1495.0,379.0,487.0,2631.0,8245.0,39.45,18.13,4.6,31.91,5.91
E02000742,Newham 029,3494.0,1612.0,393.0,378.0,2827.0,8704.0,40.14,18.52,4.52,32.48,4.34
E02000743,Newham 030,2744.0,2894.0,561.0,551.0,3532.0,10282.0,26.69,28.15,5.46,34.35,5.36
E02000744,Newham 031,2274.0,1838.0,522.0,519.0,4025.0,9178.0,24.78,20.03,5.69,43.85,5.65
E02000745,Newham 032,2172.0,1850.0,412.0,372.0,3791.0,8597.0,25.26,21.52,4.79,44.1,4.33
E02000746,Newham 033,2557.0,1953.0,552.0,481.0,3885.0,9428.0,27.12,20.71,5.85,41.21,5.1
E02000747,Newham 034,3370.0,2708.0,801.0,717.0,5501.0,13097.0,25.73,20.68,6.12,42.0,5.47
E02000748,Newham 035,1192.0,1062.0,330.0,279.0,3409.0,6272.0,19.01,16.93,5.26,54.35,4.45
E02000749,Newham 036,1637.0,2940.0,596.0,410.0,3969.0,9552.0,17.14,30.78,6.24,41.55,4.29
E02000751,Redbridge 001,2166.0,566.0,572.0,376.0,7481.0,11161.0,19.41,5.07,5.12,67.03,3.37
E02000752,Redbridge 002,2048.0,1024.0,448.0,335.0,4927.0,8782.0,23.32,11.66,5.1,56.1,3.81
E02000753,Redbridge 003,1491.0,677.0,357.0,281.0,4113.0,6919.0,21.55,9.78,5.16,59.45,4.06
E02000754,Redbridge 004,1260.0,530.0,458.0,261.0,4259.0,6768.0,18.62,7.83,6.77,62.93,3.86
E02000755,Redbridge 005,983.0,461.0,334.0,199.0,3507.0,5484.0,17.92,8.41,6.09,63.95,3.63
E02000756,Redbridge 006,4721.0,1116.0,649.0,658.0,7449.0,14593.0,32.35,7.65,4.45,51.05,4.51
E02000757,Redbridge 007,2554.0,736.0,770.0,494.0,7837.0,12391.0,20.61,5.94,6.21,63.25,3.99
E02000758,Redbridge 008,3179.0,663.0,231.0,550.0,2263.0,6886.0,46.17,9.63,3.35,32.86,7.99
E02000759,Redbridge 009,3193.0,1384.0,805.0,635.0,7069.0,13086.0,24.4,10.58,6.15,54.02,4.85
E02000760,Redbridge 010,3025.0,701.0,316.0,432.0,3061.0,7535.0,40.15,9.3,4.19,40.62,5.73
E02000762,Redbridge 012,3944.0,339.0,189.0,451.0,1699.0,6622.0,59.56,5.12,2.85,25.66,6.81
E02000763,Redbridge 013,4151.0,622.0,245.0,540.0,2460.0,8018.0,51.77,7.76,3.06,30.68,6.73
E02000764,Redbridge 014,2674.0,576.0,765.0,401.0,7890.0,12306.0,21.73,4.68,6.22,64.12,3.26
E02000765,Redbridge 015,4433.0,272.0,321.0,493.0,2004.0,7523.0,58.93,3.62,4.27,26.64,6.55
E02000767,Redbridge 017,4837.0,495.0,251.0,584.0,2457.0,8624.0,56.09,5.74,2.91,28.49,6.77
E02000768,Redbridge 018,1192.0,320.0,379.0,172.0,3728.0,5791.0,20.58,5.53,6.54,64.38,2.97
E02000770,Redbridge 020,4923.0,619.0,254.0,613.0,1715.0,8124.0,60.6,7.62,3.13,21.11,7.55
E02000772,Redbridge 022,4991.0,868.0,330.0,466.0,1727.0,8382.0,59.54,10.36,3.94,20.6,5.56
E02000773,Redbridge 023,6862.0,1195.0,316.0,682.0,1682.0,10737.0,63.91,11.13,2.94,15.67,6.35
E02000774,Redbridge 024,4936.0,571.0,211.0,567.0,1824.0,8109.0,60.87,7.04,2.6,22.49,6.99
E02000776,Redbridge 026,4527.0,633.0,218.0,299.0,1364.0,7041.0,64.29,8.99,3.1,19.37,4.25
E02000777,Redbridge 027,1085.0,445.0,460.0,201.0,3809.0,6000.0,18.08,7.42,7.67,63.48,3.35
E02000779,Redbridge 029,5226.0,771.0,212.0,480.0,1729.0,8418.0,62.08,9.16,2.52,20.54,5.7
E02000781,Redbridge 031,10920.0,1163.0,468.0,912.0,2823.0,16286.0,67.05,7.14,2.87,17.33,5.6
E02000782,Redbridge 032,7050.0,1574.0,369.0,650.0,1847.0,11490.0,61.36,13.7,3.21,16.07,5.66
E02000783,Redbridge 033,4182.0,1027.0,261.0,436.0,1489.0,7395.0,56.55,13.89,3.53,20.14,5.9
E02000784,Richmond upon Thames 001,797.0,188.0,594.0,398.0,8158.0,10135.0,7.86,1.85,5.86,80.49,3.93
E02000785,Richmond upon Thames 002,726.0,108.0,597.0,317.0,7969.0,9717.0,7.47,1.11,6.14,82.01,3.26
E02000786,Richmond upon Thames 003,672.0,234.0,569.0,344.0,9554.0,11373.0,5.91,2.06,5.0,84.01,3.02
E02000787,Richmond upon Thames 004,1361.0,318.0,857.0,636.0,8914.0,12086.0,11.26,2.63,7.09,73.75,5.26
E02000788,Richmond upon Thames 005,535.0,97.0,572.0,357.0,7535.0,9096.0,5.88,1.07,6.29,82.84,3.92
E02000789,Richmond upon Thames 006,625.0,87.0,334.0,257.0,5001.0,6304.0,9.91,1.38,5.3,79.33,4.08
E02000790,Richmond upon Thames 007,379.0,63.0,339.0,149.0,5656.0,6586.0,5.75,0.96,5.15,85.88,2.26
E02000791,Richmond upon Thames 008,570.0,86.0,404.0,204.0,5209.0,6473.0,8.81,1.33,6.24,80.47,3.15
E02000792,Richmond upon Thames 009,404.0,91.0,379.0,196.0,6076.0,7146.0,5.65,1.27,5.3,85.03,2.74
E02000793,Richmond upon Thames 010,1203.0,205.0,411.0,339.0,5949.0,8107.0,14.84,2.53,5.07,73.38,4.18
E02000794,Richmond upon Thames 011,813.0,109.0,380.0,242.0,5469.0,7013.0,11.59,1.55,5.42,77.98,3.45
E02000795,Richmond upon Thames 012,418.0,76.0,387.0,209.0,5837.0,6927.0,6.03,1.1,5.59,84.26,3.02
E02000796,Richmond upon Thames 013,2876.0,492.0,572.0,537.0,6609.0,11086.0,25.94,4.44,5.16,59.62,4.84
E02000797,Richmond upon Thames 014,466.0,148.0,426.0,168.0,6661.0,7869.0,5.92,1.88,5.41,84.65,2.13
E02000798,Richmond upon Thames 015,1051.0,231.0,644.0,378.0,9005.0,11309.0,9.29,2.04,5.69,79.63,3.34
E02000799,Richmond upon Thames 016,437.0,106.0,278.0,100.0,5682.0,6603.0,6.62,1.61,4.21,86.05,1.51
E02000800,Richmond upon Thames 017,465.0,125.0,337.0,278.0,4207.0,5412.0,8.59,2.31,6.23,77.73,5.14
E02000801,Richmond upon Thames 018,374.0,91.0,322.0,175.0,6149.0,7111.0,5.26,1.28,4.53,86.47,2.46
E02000802,Richmond upon Thames 019,400.0,100.0,345.0,136.0,6043.0,7024.0,5.69,1.42,4.91,86.03,1.94
E02000803,Richmond upon Thames 020,1061.0,300.0,584.0,338.0,7436.0,9719.0,10.92,3.09,6.01,76.51,3.48
E02000804,Richmond upon Thames 021,360.0,90.0,330.0,120.0,6248.0,7148.0,5.04,1.26,4.62,87.41,1.68
E02000805,Richmond upon Thames 022,703.0,189.0,552.0,272.0,9035.0,10751.0,6.54,1.76,5.13,84.04,2.53
E02000806,Richmond upon Thames 023,779.0,156.0,454.0,203.0,8706.0,10298.0,7.56,1.51,4.41,84.54,1.97
E02000807,Southwark 001,1171.0,630.0,584.0,357.0,5488.0,8230.0,14.23,7.65,7.1,66.68,4.34
E02000808,Southwark 002,1931.0,1317.0,628.0,510.0,5784.0,10170.0,18.99,12.95,6.18,56.87,5.01
E02000810,Southwark 004,1124.0,2621.0,830.0,657.0,6663.0,11895.0,9.45,22.03,6.98,56.02,5.52
E02000812,Southwark 006,1635.0,2613.0,763.0,711.0,5066.0,10788.0,15.16,24.22,7.07,46.96,6.59
E02000813,Southwark 007,1168.0,2174.0,690.0,602.0,5592.0,10226.0,11.42,21.26,6.75,54.68,5.89
E02000814,Southwark 008,1321.0,1256.0,646.0,512.0,6558.0,10293.0,12.83,12.2,6.28,63.71,4.97
E02000815,Southwark 009,1595.0,1433.0,482.0,572.0,3527.0,7609.0,20.96,18.83,6.33,46.35,7.52
E02000816,Southwark 010,846.0,2043.0,639.0,634.0,5448.0,9610.0,8.8,21.26,6.65,56.69,6.6
E02000817,Southwark 011,683.0,1734.0,406.0,394.0,3601.0,6818.0,10.02,25.43,5.95,52.82,5.78
E02000818,Southwark 012,1122.0,2471.0,644.0,712.0,4840.0,9789.0,11.46,25.24,6.58,49.44,7.27
E02000819,Southwark 013,764.0,2692.0,612.0,888.0,3542.0,8498.0,8.99,31.68,7.2,41.68,10.45
E02000820,Southwark 014,1050.0,2447.0,625.0,611.0,4513.0,9246.0,11.36,26.47,6.76,48.81,6.61
E02000821,Southwark 015,728.0,3618.0,740.0,1460.0,2810.0,9356.0,7.78,38.67,7.91,30.03,15.6
E02000822,Southwark 016,627.0,2460.0,460.0,547.0,2626.0,6720.0,9.33,36.61,6.85,39.08,8.14
E02000823,Southwark 017,769.0,2772.0,663.0,761.0,3721.0,8686.0,8.85,31.91,7.63,42.84,8.76
E02000824,Southwark 018,948.0,4836.0,716.0,826.0,2576.0,9902.0,9.57,48.84,7.23,26.01,8.34
E02000825,Southwark 019,954.0,5027.0,788.0,800.0,2656.0,10225.0,9.33,49.16,7.71,25.98,7.82
E02000826,Southwark 020,756.0,3358.0,678.0,811.0,4282.0,9885.0,7.65,33.97,6.86,43.32,8.2
E02000827,Southwark 021,947.0,4363.0,842.0,1076.0,4085.0,11313.0,8.37,38.57,7.44,36.11,9.51
E02000828,Southwark 022,944.0,3494.0,556.0,742.0,3081.0,8817.0,10.71,39.63,6.31,34.94,8.42
E02000829,Southwark 023,873.0,3824.0,834.0,593.0,4801.0,10925.0,7.99,35.0,7.63,43.95,5.43
E02000830,Southwark 024,642.0,1703.0,730.0,429.0,5380.0,8884.0,7.23,19.17,8.22,60.56,4.83
E02000831,Southwark 025,515.0,2161.0,725.0,396.0,5556.0,9353.0,5.51,23.1,7.75,59.4,4.23
E02000832,Southwark 026,475.0,3357.0,804.0,402.0,4651.0,9689.0,4.9,34.65,8.3,48.0,4.15
E02000833,Southwark 027,752.0,2460.0,542.0,454.0,3277.0,7485.0,10.05,32.87,7.24,43.78,6.07
E02000834,Southwark 028,415.0,1162.0,706.0,243.0,6859.0,9385.0,4.42,12.38,7.52,73.08,2.59
E02000835,Southwark 029,314.0,1603.0,619.0,274.0,4870.0,7680.0,4.09,20.87,8.06,63.41,3.57
E02000836,Southwark 030,550.0,903.0,679.0,210.0,5959.0,8301.0,6.63,10.88,8.18,71.79,2.53
E02000837,Southwark 031,543.0,438.0,576.0,165.0,6840.0,8562.0,6.34,5.12,6.73,79.89,1.93
E02000838,Southwark 032,583.0,1439.0,729.0,476.0,6269.0,9496.0,6.14,15.15,7.68,66.02,5.01
E02000839,Southwark 033,828.0,1686.0,704.0,370.0,4893.0,8481.0,9.76,19.88,8.3,57.69,4.36
E02000840,Sutton 001,1436.0,819.0,520.0,350.0,6192.0,9317.0,15.41,8.79,5.58,66.46,3.76
E02000841,Sutton 002,1749.0,714.0,450.0,395.0,5881.0,9189.0,19.03,7.77,4.9,64.0,4.3
E02000842,Sutton 003,1717.0,380.0,339.0,350.0,5494.0,8280.0,20.74,4.59,4.09,66.35,4.23
E02000843,Sutton 004,1242.0,752.0,619.0,306.0,6556.0,9475.0,13.11,7.94,6.53,69.19,3.23
E02000844,Sutton 005,1152.0,673.0,394.0,295.0,6141.0,8655.0,13.31,7.78,4.55,70.95,3.41
E02000845,Sutton 006,1470.0,293.0,529.0,346.0,6783.0,9421.0,15.6,3.11,5.62,72.0,3.67
E02000846,Sutton 007,1615.0,385.0,348.0,258.0,5011.0,7617.0,21.2,5.05,4.57,65.79,3.39
E02000847,Sutton 008,1631.0,167.0,366.0,341.0,6916.0,9421.0,17.31,1.77,3.88,73.41,3.62
E02000848,Sutton 009,1545.0,223.0,288.0,292.0,5791.0,8139.0,18.98,2.74,3.54,71.15,3.59
E02000849,Sutton 010,988.0,568.0,346.0,225.0,6050.0,8177.0,12.08,6.95,4.23,73.99,2.75
E02000850,Sutton 011,2040.0,978.0,529.0,364.0,6928.0,10839.0,18.82,9.02,4.88,63.92,3.36
E02000851,Sutton 012,2147.0,975.0,659.0,539.0,7260.0,11580.0,18.54,8.42,5.69,62.69,4.65
E02000852,Sutton 013,1183.0,406.0,400.0,218.0,5938.0,8145.0,14.52,4.98,4.91,72.9,2.68
E02000853,Sutton 014,1427.0,372.0,411.0,282.0,5681.0,8173.0,17.46,4.55,5.03,69.51,3.45
E02000854,Sutton 015,733.0,275.0,376.0,100.0,6129.0,7613.0,9.63,3.61,4.94,80.51,1.31
E02000855,Sutton 016,1269.0,157.0,358.0,219.0,6202.0,8205.0,15.47,1.91,4.36,75.59,2.67
E02000856,Sutton 017,1918.0,656.0,537.0,246.0,5972.0,9329.0,20.56,7.03,5.76,64.02,2.64
E02000857,Sutton 018,1893.0,575.0,459.0,350.0,5721.0,8998.0,21.04,6.39,5.1,63.58,3.89
E02000858,Sutton 019,1527.0,1001.0,482.0,333.0,5228.0,8571.0,17.82,11.68,5.62,61.0,3.89
E02000859,Sutton 020,1283.0,498.0,371.0,226.0,6107.0,8485.0,15.12,5.87,4.37,71.97,2.66
E02000860,Sutton 021,1725.0,612.0,420.0,412.0,5619.0,8788.0,19.63,6.96,4.78,63.94,4.69
E02000861,Sutton 022,1440.0,279.0,321.0,170.0,5565.0,7775.0,18.52,3.59,4.13,71.58,2.19
E02000863,Sutton 024,1404.0,466.0,286.0,170.0,4409.0,6735.0,20.85,6.92,4.25,65.46,2.52
E02000864,Tower Hamlets 001,3510.0,1073.0,708.0,339.0,5634.0,11264.0,31.16,9.53,6.29,50.02,3.01
E02000865,Tower Hamlets 002,3238.0,621.0,385.0,407.0,3308.0,7959.0,40.68,7.8,4.84,41.56,5.11
E02000866,Tower Hamlets 003,3047.0,558.0,625.0,335.0,6078.0,10643.0,28.63,5.24,5.87,57.11,3.15
E02000867,Tower Hamlets 004,3279.0,914.0,717.0,417.0,6002.0,11329.0,28.94,8.07,6.33,52.98,3.68
E02000868,Tower Hamlets 005,2621.0,411.0,400.0,287.0,3478.0,7197.0,36.42,5.71,5.56,48.33,3.99
E02000869,Tower Hamlets 006,1956.0,442.0,325.0,218.0,2990.0,5931.0,32.98,7.45,5.48,50.41,3.68
E02000870,Tower Hamlets 007,2478.0,453.0,277.0,198.0,2962.0,6368.0,38.91,7.11,4.35,46.51,3.11
E02000871,Tower Hamlets 008,6080.0,1261.0,594.0,429.0,3151.0,11515.0,52.8,10.95,5.16,27.36,3.73
E02000872,Tower Hamlets 009,3559.0,492.0,431.0,309.0,3354.0,8145.0,43.7,6.04,5.29,41.18,3.79
E02000873,Tower Hamlets 010,4430.0,1017.0,451.0,336.0,3618.0,9852.0,44.97,10.32,4.58,36.72,3.41
E02000874,Tower Hamlets 011,4182.0,532.0,284.0,244.0,2252.0,7494.0,55.8,7.1,3.79,30.05,3.26
E02000875,Tower Hamlets 012,6761.0,1436.0,599.0,457.0,4319.0,13572.0,49.82,10.58,4.41,31.82,3.37
E02000876,Tower Hamlets 013,3861.0,380.0,354.0,272.0,2406.0,7273.0,53.09,5.22,4.87,33.08,3.74
E02000877,Tower Hamlets 014,6626.0,1229.0,742.0,535.0,4675.0,13807.0,47.99,8.9,5.37,33.86,3.87
E02000878,Tower Hamlets 015,5051.0,488.0,430.0,379.0,4084.0,10432.0,48.42,4.68,4.12,39.15,3.63
E02000879,Tower Hamlets 016,4428.0,449.0,337.0,379.0,2747.0,8340.0,53.09,5.38,4.04,32.94,4.54
E02000880,Tower Hamlets 017,3668.0,427.0,265.0,278.0,1876.0,6514.0,56.31,6.56,4.07,28.8,4.27
E02000881,Tower Hamlets 018,5176.0,1314.0,559.0,429.0,3354.0,10832.0,47.78,12.13,5.16,30.96,3.96
E02000882,Tower Hamlets 019,6721.0,887.0,507.0,238.0,3154.0,11507.0,58.41,7.71,4.41,27.41,2.07
E02000883,Tower Hamlets 020,4854.0,1009.0,339.0,270.0,2815.0,9287.0,52.27,10.86,3.65,30.31,2.91
E02000884,Tower Hamlets 021,6560.0,568.0,585.0,565.0,4486.0,12764.0,51.39,4.45,4.58,35.15,4.43
E02000885,Tower Hamlets 022,4265.0,463.0,275.0,252.0,1800.0,7055.0,60.45,6.56,3.9,25.51,3.57
E02000886,Tower Hamlets 023,3861.0,651.0,467.0,376.0,4239.0,9594.0,40.24,6.79,4.87,44.18,3.92
E02000887,Tower Hamlets 024,5530.0,885.0,482.0,372.0,3534.0,10803.0,51.19,8.19,4.46,32.71,3.44
E02000888,Tower Hamlets 025,4152.0,545.0,370.0,418.0,3136.0,8621.0,48.16,6.32,4.29,36.38,4.85
E02000889,Tower Hamlets 026,3638.0,362.0,462.0,395.0,4108.0,8965.0,40.58,4.04,5.15,45.82,4.41
E02000890,Tower Hamlets 027,1268.0,116.0,302.0,181.0,3948.0,5815.0,21.81,1.99,5.19,67.89,3.11
E02000893,Tower Hamlets 030,2511.0,451.0,401.0,320.0,3730.0,7413.0,33.87,6.08,5.41,50.32,4.32
E02000894,Tower Hamlets 031,3980.0,572.0,631.0,459.0,5364.0,11006.0,36.16,5.2,5.73,48.74,4.17
E02000895,Waltham Forest 001,855.0,973.0,535.0,501.0,5507.0,8371.0,10.21,11.62,6.39,65.79,5.98
E02000896,Waltham Forest 002,693.0,617.0,542.0,348.0,7131.0,9331.0,7.43,6.61,5.81,76.42,3.73
E02000897,Waltham Forest 003,822.0,1066.0,541.0,430.0,5710.0,8569.0,9.59,12.44,6.31,66.64,5.02
E02000898,Waltham Forest 004,874.0,924.0,536.0,411.0,5269.0,8014.0,10.91,11.53,6.69,65.75,5.13
E02000899,Waltham Forest 005,1231.0,1134.0,504.0,642.0,5302.0,8813.0,13.97,12.87,5.72,60.16,7.28
E02000900,Waltham Forest 006,1536.0,1670.0,632.0,787.0,4348.0,8973.0,17.12,18.61,7.04,48.46,8.77
E02000901,Waltham Forest 007,1032.0,1023.0,806.0,371.0,7261.0,10493.0,9.84,9.75,7.68,69.2,3.54
E02000902,Waltham Forest 008,1917.0,1673.0,709.0,711.0,4951.0,9961.0,19.25,16.8,7.12,49.7,7.14
E02000903,Waltham Forest 009,2165.0,1859.0,745.0,687.0,4819.0,10275.0,21.07,18.09,7.25,46.9,6.69
E02000904,Waltham Forest 010,1678.0,1355.0,531.0,454.0,4404.0,8422.0,19.92,16.09,6.3,52.29,5.39
E02000905,Waltham Forest 011,2122.0,1396.0,686.0,516.0,5752.0,10472.0,20.26,13.33,6.55,54.93,4.93
E02000906,Waltham Forest 012,1986.0,1294.0,713.0,618.0,5044.0,9655.0,20.57,13.4,7.38,52.24,6.4
E02000907,Waltham Forest 013,1802.0,2645.0,734.0,689.0,4711.0,10581.0,17.03,25.0,6.94,44.52,6.51
E02000908,Waltham Forest 014,2178.0,1985.0,916.0,742.0,7084.0,12905.0,16.88,15.38,7.1,54.89,5.75
E02000909,Waltham Forest 015,1384.0,1203.0,618.0,425.0,5616.0,9246.0,14.97,13.01,6.68,60.74,4.6
E02000910,Waltham Forest 016,2813.0,1143.0,659.0,554.0,6261.0,11430.0,24.61,10.0,5.77,54.78,4.85
E02000911,Waltham Forest 017,3000.0,1577.0,808.0,819.0,6762.0,12966.0,23.14,12.16,6.23,52.15,6.32
E02000912,Waltham Forest 018,2865.0,1421.0,631.0,577.0,4248.0,9742.0,29.41,14.59,6.48,43.61,5.92
E02000913,Waltham Forest 019,3471.0,1211.0,522.0,563.0,3876.0,9643.0,36.0,12.56,5.41,40.19,5.84
E02000914,Waltham Forest 020,3796.0,2267.0,658.0,827.0,4252.0,11800.0,32.17,19.21,5.58,36.03,7.01
E02000915,Waltham Forest 021,1692.0,1029.0,573.0,284.0,4532.0,8110.0,20.86,12.69,7.07,55.88,3.5
E02000916,Waltham Forest 022,2616.0,1880.0,582.0,778.0,4708.0,10564.0,24.76,17.8,5.51,44.57,7.36
E02000917,Waltham Forest 023,1788.0,1376.0,608.0,535.0,5281.0,9588.0,18.65,14.35,6.34,55.08,5.58
E02000918,Waltham Forest 024,2077.0,1309.0,538.0,558.0,4842.0,9324.0,22.28,14.04,5.77,51.93,5.98
E02000919,Waltham Forest 025,2357.0,1075.0,535.0,512.0,4756.0,9235.0,25.52,11.64,5.79,51.5,5.54
E02000920,Waltham Forest 026,2567.0,2118.0,623.0,765.0,4225.0,10298.0,24.93,20.57,6.05,41.03,7.43
E02000921,Waltham Forest 027,2267.0,2601.0,858.0,592.0,4880.0,11198.0,20.24,23.23,7.66,43.58,5.29
E02000922,Waltham Forest 028,1960.0,1825.0,648.0,533.0,5497.0,10463.0,18.73,17.44,6.19,52.54,5.09
E02000923,Wandsworth 001,704.0,626.0,373.0,347.0,5477.0,7527.0,9.35,8.32,4.96,72.76,4.61
E02000925,Wandsworth 003,722.0,1743.0,561.0,444.0,4430.0,7900.0,9.14,22.06,7.1,56.08,5.62
E02000926,Wandsworth 004,1098.0,1222.0,781.0,621.0,7919.0,11641.0,9.43,10.5,6.71,68.03,5.33
E02000927,Wandsworth 005,449.0,990.0,523.0,243.0,4893.0,7098.0,6.33,13.95,7.37,68.93,3.42
E02000928,Wandsworth 006,460.0,245.0,434.0,193.0,7021.0,8353.0,5.51,2.93,5.2,84.05,2.31
E02000929,Wandsworth 007,1121.0,2385.0,644.0,513.0,3444.0,8107.0,13.83,29.42,7.94,42.48,6.33
E02000930,Wandsworth 008,824.0,798.0,606.0,287.0,7563.0,10078.0,8.18,7.92,6.01,75.04,2.85
E02000931,Wandsworth 009,448.0,420.0,474.0,177.0,7299.0,8818.0,5.08,4.76,5.38,82.77,2.01
E02000932,Wandsworth 010,1052.0,574.0,692.0,546.0,9979.0,12843.0,8.19,4.47,5.39,77.7,4.25
E02000933,Wandsworth 011,731.0,367.0,532.0,379.0,6861.0,8870.0,8.24,4.14,6.0,77.35,4.27
E02000934,Wandsworth 012,578.0,826.0,539.0,238.0,6740.0,8921.0,6.48,9.26,6.04,75.55,2.67
E02000935,Wandsworth 013,1188.0,1226.0,606.0,549.0,3803.0,7372.0,16.12,16.63,8.22,51.59,7.45
E02000936,Wandsworth 014,1091.0,434.0,624.0,500.0,6718.0,9367.0,11.65,4.63,6.66,71.72,5.34
E02000937,Wandsworth 015,418.0,459.0,462.0,170.0,6652.0,8161.0,5.12,5.62,5.66,81.51,2.08
E02000938,Wandsworth 016,1414.0,1201.0,817.0,701.0,6633.0,10766.0,13.13,11.16,7.59,61.61,6.51
E02000939,Wandsworth 017,466.0,321.0,420.0,145.0,6468.0,7820.0,5.96,4.1,5.37,82.71,1.85
E02000940,Wandsworth 018,1287.0,1139.0,639.0,415.0,5843.0,9323.0,13.8,12.22,6.85,62.67,4.45
E02000941,Wandsworth 019,643.0,676.0,521.0,207.0,8126.0,10173.0,6.32,6.65,5.12,79.88,2.03
E02000942,Wandsworth 020,1083.0,337.0,559.0,280.0,7429.0,9688.0,11.18,3.48,5.77,76.68,2.89
E02000943,Wandsworth 021,867.0,505.0,489.0,230.0,6631.0,8722.0,9.94,5.79,5.61,76.03,2.64
E02000944,Wandsworth 022,1558.0,1172.0,540.0,402.0,3973.0,7645.0,20.38,15.33,7.06,51.97,5.26
E02000945,Wandsworth 023,1367.0,1090.0,622.0,591.0,4171.0,7841.0,17.43,13.9,7.93,53.19,7.54
E02000946,Wandsworth 024,830.0,1029.0,500.0,223.0,5857.0,8439.0,9.84,12.19,5.92,69.4,2.64
E02000947,Wandsworth 025,861.0,386.0,483.0,270.0,7344.0,9344.0,9.21,4.13,5.17,78.6,2.89
E02000948,Wandsworth 026,1063.0,779.0,606.0,269.0,7310.0,10027.0,10.6,7.77,6.04,72.9,2.68
E02000949,Wandsworth 027,716.0,380.0,524.0,178.0,8206.0,10004.0,7.16,3.8,5.24,82.03,1.78
E02000950,Wandsworth 028,1221.0,632.0,424.0,426.0,4882.0,7585.0,16.1,8.33,5.59,64.36,5.62
E02000951,Wandsworth 029,749.0,531.0,343.0,196.0,4610.0,6429.0,11.65,8.26,5.34,71.71,3.05
E02000952,Wandsworth 030,565.0,563.0,396.0,169.0,4452.0,6145.0,9.19,9.16,6.44,72.45,2.75
E02000953,Wandsworth 031,1032.0,552.0,386.0,218.0,5315.0,7503.0,13.75,7.36,5.14,70.84,2.91
E02000954,Wandsworth 032,1441.0,525.0,343.0,185.0,3604.0,6098.0,23.63,8.61,5.62,59.1,3.03
E02000955,Wandsworth 033,1817.0,748.0,538.0,266.0,3521.0,6890.0,26.37,10.86,7.81,51.1,3.86
E02000956,Wandsworth 034,1430.0,1053.0,494.0,365.0,4079.0,7421.0,19.27,14.19,6.66,54.97,4.92
E02000957,Wandsworth 035,2368.0,1189.0,662.0,556.0,6086.0,10861.0,21.8,10.95,6.1,56.04,5.12
E02000958,Wandsworth 036,1408.0,1029.0,530.0,311.0,5003.0,8281.0,17.0,12.43,6.4,60.42,3.76
E02000959,Wandsworth 037,946.0,1581.0,690.0,388.0,4259.0,7864.0,12.03,20.1,8.77,54.16,4.93
E02000960,Westminster 001,1262.0,266.0,306.0,759.0,3556.0,6149.0,20.52,4.33,4.98,57.83,12.34
E02000961,Westminster 002,1357.0,495.0,641.0,1673.0,5647.0,9813.0,13.83,5.04,6.53,57.55,17.05
E02000962,Westminster 003,1631.0,467.0,452.0,1063.0,4087.0,7700.0,21.18,6.06,5.87,53.08,13.81
E02000963,Westminster 004,1692.0,1933.0,871.0,1782.0,4243.0,10521.0,16.08,18.37,8.28,40.33,16.94
E02000964,Westminster 005,1505.0,2313.0,908.0,1987.0,5428.0,12141.0,12.4,19.05,7.48,44.71,16.37
E02000965,Westminster 006,952.0,532.0,624.0,771.0,5003.0,7882.0,12.08,6.75,7.92,63.47,9.78
E02000966,Westminster 007,1148.0,306.0,569.0,1008.0,6217.0,9248.0,12.41,3.31,6.15,67.23,10.9
E02000967,Westminster 008,1434.0,210.0,330.0,629.0,3450.0,6053.0,23.69,3.47,5.45,57.0,10.39
E02000968,Westminster 009,3384.0,1723.0,804.0,3730.0,4838.0,14479.0,23.37,11.9,5.55,33.41,25.76
E02000969,Westminster 010,1446.0,1555.0,673.0,2364.0,3573.0,9611.0,15.05,16.18,7.0,37.18,24.6
E02000970,Westminster 011,1099.0,169.0,403.0,618.0,4546.0,6835.0,16.08,2.47,5.9,66.51,9.04
E02000971,Westminster 012,1295.0,233.0,483.0,939.0,4520.0,7470.0,17.34,3.12,6.47,60.51,12.57
E02000972,Westminster 013,1287.0,495.0,537.0,745.0,4821.0,7885.0,16.32,6.28,6.81,61.14,9.45
E02000973,Westminster 014,1267.0,850.0,771.0,838.0,6231.0,9957.0,12.72,8.54,7.74,62.58,8.42
E02000974,Westminster 015,2044.0,563.0,535.0,1518.0,4045.0,8705.0,23.48,6.47,6.15,46.47,17.44
E02000975,Westminster 016,1082.0,302.0,497.0,867.0,4669.0,7417.0,14.59,4.07,6.7,62.95,11.69
E02000976,Westminster 017,1492.0,391.0,535.0,1132.0,4882.0,8432.0,17.69,4.64,6.34,57.9,13.43
E02000977,Westminster 018,1418.0,257.0,402.0,455.0,3857.0,6389.0,22.19,4.02,6.29,60.37,7.12
E02000978,Westminster 019,1187.0,178.0,395.0,614.0,4758.0,7132.0,16.64,2.5,5.54,66.71,8.61
E02000979,Westminster 020,1300.0,496.0,477.0,733.0,5083.0,8089.0,16.07,6.13,5.9,62.84,9.06
E02000980,Westminster 021,1562.0,763.0,600.0,775.0,5020.0,8720.0,17.91,8.75,6.88,57.57,8.89
E02000981,Westminster 022,854.0,584.0,515.0,645.0,5671.0,8269.0,10.33,7.06,6.23,68.58,7.8
E02000982,Westminster 023,1232.0,748.0,494.0,927.0,4237.0,7638.0,16.13,9.79,6.47,55.47,12.14
E02000983,Westminster 024,1306.0,616.0,520.0,900.0,4352.0,7694.0,16.97,8.01,6.76,56.56,11.7
E02006782,Bromley 040,832.0,1201.0,541.0,323.0,5226.0,8123.0,10.24,14.79,6.66,64.34,3.98
E02006783,Lewisham 037,695.0,2179.0,614.0,303.0,3982.0,7773.0,8.94,28.03,7.9,51.23,3.9
E02006784,Lewisham 038,792.0,2166.0,589.0,428.0,3991.0,7966.0,9.94,27.19,7.39,50.1,5.37
E02006785,Bexley 029,1086.0,524.0,197.0,201.0,4615.0,6623.0,16.4,7.91,2.97,69.68,3.03
E02006786,Greenwich 033,1124.0,1898.0,473.0,300.0,3763.0,7558.0,14.87,25.11,6.26,49.79,3.97
E02006787,Bromley 041,471.0,508.0,529.0,156.0,6230.0,7894.0,5.97,6.44,6.7,78.92,1.98
E02006788,Croydon 045,731.0,2394.0,779.0,282.0,3425.0,7611.0,9.6,31.45,10.24,45.0,3.71
E02006789,Bromley 042,117.0,86.0,195.0,51.0,6329.0,6778.0,1.73,1.27,2.88,93.38,0.75
E02006791,Ealing 040,817.0,552.0,488.0,419.0,5287.0,7563.0,10.8,7.3,6.45,69.91,5.54
E02006792,Hounslow 029,1238.0,294.0,636.0,748.0,6083.0,8999.0,13.76,3.27,7.07,67.6,8.31
E02006793,Enfield 037,1115.0,2964.0,498.0,1523.0,3546.0,9646.0,11.56,30.73,5.16,36.76,15.79
E02006794,Haringey 037,595.0,3119.0,590.0,1038.0,2944.0,8286.0,7.18,37.64,7.12,35.53,12.53
E02006795,Harrow 032,4581.0,410.0,259.0,840.0,2182.0,8272.0,55.38,4.96,3.13,26.38,10.15
E02006796,Hillingdon 033,2590.0,542.0,467.0,526.0,5572.0,9697.0,26.71,5.59,4.82,57.46,5.42
E02006798,Lewisham 039,1193.0,3000.0,650.0,579.0,3466.0,8888.0,13.42,33.75,7.31,39.0,6.51
E02006799,Barking and Dagenham 023,3589.0,1975.0,461.0,642.0,5373.0,12040.0,29.81,16.4,3.83,44.63,5.33
E02006800,Redbridge 034,8786.0,1314.0,540.0,906.0,3134.0,14680.0,59.85,8.95,3.68,21.35,6.17
E02006801,Lambeth 036,1634.0,1243.0,555.0,467.0,4667.0,8566.0,19.08,14.51,6.48,54.48,5.45
E02006802,Southwark 034,1459.0,1869.0,671.0,660.0,4617.0,9276.0,15.73,20.15,7.23,49.77,7.12
E02006836,Sutton 025,2258.0,243.0,353.0,293.0,5571.0,8718.0,25.9,2.79,4.05,63.9,3.36
E02006853,Tower Hamlets 032,4984.0,799.0,574.0,466.0,4191.0,11014.0,45.25,7.25,5.21,38.05,4.23
E02006854,Tower Hamlets 033,2626.0,352.0,326.0,477.0,3290.0,7071.0,37.14,4.98,4.61,46.53,6.75
E02006882,Harrow 033,8200.0,824.0,352.0,746.0,4273.0,14395.0,56.96,5.72,2.45,29.68,5.18
E02006918,Hackney 028,1224.0,2170.0,527.0,724.0,3754.0,8399.0,14.57,25.84,6.27,44.7,8.62
E02006921,Hackney 029,798.0,1784.0,387.0,838.0,4117.0,7924.0,10.07,22.51,4.88,51.96,10.58
E02006924,Redbridge 035,8822.0,803.0,379.0,758.0,2836.0,13598.0,64.88,5.91,2.79,20.86,5.57
E02006925,Redbridge 036,9643.0,624.0,385.0,968.0,2803.0,14423.0,66.86,4.33,2.67,19.43,6.71
E02006927,Greenwich 034,1627.0,1901.0,736.0,483.0,7619.0,12366.0,13.16,15.37,5.95,61.61,3.91
E02006928,Greenwich 035,1702.0,2052.0,978.0,574.0,6784.0,12090.0,14.08,16.97,8.09,56.11,4.75
E02006930,Greenwich 037,1059.0,1293.0,658.0,355.0,6485.0,9850.0,10.75,13.13,6.68,65.84,3.6
E02006931,Greenwich 038,784.0,1469.0,646.0,269.0,6293.0,9461.0,8.29,15.53,6.83,66.52,2.84
E02006941,Southwark 035,760.0,190.0,330.0,166.0,3868.0,5314.0,14.3,3.58,6.21,72.79,3.12
E02006942,Southwark 036,747.0,1144.0,511.0,412.0,3930.0,6744.0,11.08,16.96,7.58,58.27,6.11
E02006953,Barnet 042,2748.0,1135.0,554.0,1086.0,3646.0,9169.0,29.97,12.38,6.04,39.76,11.84
E02006954,Barnet 043,3714.0,1101.0,519.0,1126.0,3651.0,10111.0,36.73,10.89,5.13,36.11,11.14
E02006955,Brent 035,2630.0,957.0,411.0,642.0,2869.0,7509.0,35.02,12.74,5.47,38.21,8.55
E02006956,Brent 036,3673.0,1690.0,321.0,641.0,2504.0,8829.0,41.6,19.14,3.64,28.36,7.26
E02006968,Ealing 041,1947.0,403.0,570.0,1096.0,4336.0,8352.0,23.31,4.83,6.82,51.92,13.12
E02006969,Ealing 042,1395.0,345.0,334.0,509.0,3840.0,6423.0,21.72,5.37,5.2,59.79,7.92
E02006970,Ealing 043,5462.0,551.0,151.0,730.0,448.0,7342.0,74.39,7.5,2.06,6.1,9.94
E02006971,Ealing 044,5943.0,734.0,140.0,1051.0,426.0,8294.0,71.65,8.85,1.69,5.14,12.67
E02006972,Hounslow 030,955.0,628.0,381.0,591.0,2861.0,5416.0,17.63,11.6,7.03,52.82,10.91
E02006973,Hounslow 031,1348.0,1089.0,601.0,728.0,4727.0,8493.0,15.87,12.82,7.08,55.66,8.57
E02006987,Croydon 046,1547.0,1433.0,524.0,428.0,3442.0,7374.0,20.98,19.43,7.11,46.68,5.8
E02006988,Croydon 047,1097.0,1491.0,610.0,332.0,3631.0,7161.0,15.32,20.82,8.52,50.71,4.64
E02006991,Greenwich 039,998.0,966.0,478.0,270.0,3605.0,6317.0,15.8,15.29,7.57,57.07,4.27
E02006992,Greenwich 040,1259.0,1271.0,559.0,345.0,4793.0,8227.0,15.3,15.45,6.79,58.26,4.19
E02006993,Greenwich 041,1682.0,1573.0,639.0,386.0,4118.0,8398.0,20.03,18.73,7.61,49.04,4.6
E02006994,Greenwich 042,1301.0,2365.0,474.0,335.0,3166.0,7641.0,17.03,30.95,6.2,41.43,4.38
E02006995,Newham 038,2176.0,1309.0,560.0,507.0,4087.0,8639.0,25.19,15.15,6.48,47.31,5.87
E02006996,Newham 039,2671.0,1408.0,509.0,439.0,3396.0,8423.0,31.71,16.72,6.04,40.32,5.21
E02006997,Newham 040,1642.0,1213.0,486.0,355.0,3191.0,6887.0,23.84,17.61,7.06,46.33,5.15
E02006998,Newham 041,1403.0,2165.0,440.0,357.0,2723.0,7088.0,19.79,30.54,6.21,38.42,5.04
E02006999,Newham 042,3022.0,2030.0,836.0,406.0,4954.0,11248.0,26.87,18.05,7.43,44.04,3.61
E02007008,Lewisham 040,1066.0,1251.0,425.0,355.0,2667.0,5764.0,18.49,21.7,7.37,46.27,6.16
E02007009,Lewisham 041,1135.0,2532.0,759.0,488.0,4227.0,9141.0,12.42,27.7,8.3,46.24,5.34
E02007017,Redbridge 037,4239.0,1285.0,397.0,421.0,2476.0,8818.0,48.07,14.57,4.5,28.08,4.77
E02007018,Redbridge 038,3255.0,1196.0,379.0,354.0,2089.0,7273.0,44.75,16.44,5.21,28.72,4.87
E02007019,Redbridge 039,4718.0,640.0,214.0,398.0,1193.0,7163.0,65.87,8.93,2.99,16.66,5.56
E02007020,Redbridge 040,6807.0,892.0,262.0,652.0,1228.0,9841.0,69.17,9.06,2.66,12.48,6.63
E02007083,Wandsworth 038,1154.0,789.0,540.0,626.0,4602.0,7711.0,14.97,10.23,7.0,59.68,8.12
E02007084,Wandsworth 039,1143.0,2535.0,692.0,629.0,4894.0,9893.0,11.55,25.62,6.99,49.47,6.36
E02007108,Hackney 030,580.0,659.0,448.0,373.0,3880.0,5940.0,9.76,11.09,7.54,65.32,6.28
E02007109,Hackney 031,660.0,1348.0,515.0,712.0,4376.0,7611.0,8.67,17.71,6.77,57.5,9.35
E02007110,Hackney 032,891.0,1311.0,517.0,737.0,3874.0,7330.0,12.16,17.89,7.05,52.85,10.05
E02007111,Hackney 033,817.0,814.0,431.0,444.0,3443.0,5949.0,13.73,13.68,7.24,57.88,7.46
E02007112,Tower Hamlets 034,2414.0,417.0,273.0,272.0,2516.0,5892.0,40.97,7.08,4.63,42.7,4.62
E02007113,Tower Hamlets 035,3450.0,607.0,374.0,414.0,2615.0,7460.0,46.25,8.14,5.01,35.05,5.55
E02007114,Tower Hamlets 036,3098.0,503.0,560.0,352.0,3048.0,7561.0,40.97,6.65,7.41,40.31,4.66
E02007115,Camden 029,3569.0,1111.0,845.0,726.0,5333.0,11584.0,30.81,9.59,7.29,46.04,6.27
