MSOA21CD,MSOA21NM,low_rating_pct,restaurant_count,Gi_z,Gi_p,Gi_class
E02000001,City of London 001,3.13,1468,0.03703957792478788,0.347,Not Significant
E02000002,Barking and Dagenham 001,0.0,15,-0.28719238913053186,0.398,Not Significant
E02000003,Barking and Dagenham 002,7.35,68,-0.3510409010661391,0.116,Not Significant
E02000004,Barking and Dagenham 003,0.0,17,-0.7444089591899652,0.034,Cold Spot
E02000005,Barking and Dagenham 004,0.0,39,-0.5074187348079715,0.202,Not Significant
E02000007,Barking and Dagenham 006,0.0,30,-0.6394525012136245,0.062,Not Significant
E02000008,Barking and Dagenham 007,0.0,25,-0.10701713627114749,0.401,Not Significant
E02000009,Barking and Dagenham 008,14.71,34,0.6530425469075176,0.088,Not Significant
E02000010,Barking and Dagenham 009,11.11,9,-0.4632131155283529,0.033,Cold Spot
E02000011,Barking and Dagenham 010,0.0,51,-0.6615006460315712,0.07,Not Significant
E02000012,Barking and Dagenham 011,25.0,24,1.3615259706587464,0.006,Hot Spot
E02000013,Barking and Dagenham 012,5.56,18,0.6532338737840369,0.036,Hot Spot
E02000014,Barking and Dagenham 013,5.36,56,-0.14236705440901237,0.428,Not Significant
E02000015,Barking and Dagenham 014,0.0,39,-0.39717801071823866,0.275,Not Significant
E02000016,Barking and Dagenham 015,15.83,120,1.5775340142491154,0.001,Hot Spot
E02000017,Barking and Dagenham 016,18.6,43,1.7755955968219685,0.003,Hot Spot
E02000018,Barking and Dagenham 017,17.24,29,1.1770230860685669,0.021,Hot Spot
E02000019,Barking and Dagenham 018,4.55,22,0.5511473189554872,0.061,Not Significant
E02000020,Barking and Dagenham 019,18.33,60,1.1988981256172815,0.006,Hot Spot
E02000021,Barking and Dagenham 020,4.88,41,-0.37889809428735943,0.23,Not Significant
E02000022,Barking and Dagenham 021,0.0,14,0.3622256945980742,0.09,Not Significant
E02000023,Barking and Dagenham 022,12.5,24,1.0686045227075902,0.046,Hot Spot
E02000024,Barnet 001,3.41,88,-0.5221636594250642,0.136,Not Significant
E02000025,Barnet 002,5.56,18,-0.35497676824025176,0.197,Not Significant
E02000026,Barnet 003,0.0,3,-0.023489288464976804,0.307,Not Significant
E02000027,Barnet 004,0.0,12,-0.568388232792144,0.189,Not Significant
E02000028,Barnet 005,3.33,30,-0.31991839581898834,0.301,Not Significant
E02000029,Barnet 006,9.84,61,0.017618657575756615,0.482,Not Significant
E02000030,Barnet 007,0.0,17,-0.6092973976624676,0.02,Cold Spot
E02000031,Barnet 008,5.77,52,-0.31211954789991275,0.229,Not Significant
E02000032,Barnet 009,9.52,21,0.07906191734940589,0.426,Not Significant
E02000033,Barnet 010,10.0,20,0.2649223116825088,0.248,Not Significant
E02000034,Barnet 011,0.0,18,-0.06660161130734175,0.352,Not Significant
E02000035,Barnet 012,0.0,23,-0.5535922876746462,0.15,Not Significant
E02000036,Barnet 013,7.69,26,-0.35384702858842326,0.152,Not Significant
E02000037,Barnet 014,0.0,11,-0.4053777339976404,0.305,Not Significant
E02000038,Barnet 015,9.09,44,-0.07531153959079465,0.423,Not Significant
E02000039,Barnet 016,3.92,51,-0.3097142957379551,0.296,Not Significant
E02000040,Barnet 017,0.0,21,-0.5980821640279504,0.162,Not Significant
E02000041,Barnet 018,5.68,88,-0.037920801436723335,0.475,Not Significant
E02000042,Barnet 019,9.57,94,-0.4183879616009576,0.065,Not Significant
E02000043,Barnet 020,0.0,7,-0.37990392700963266,0.292,Not Significant
E02000044,Barnet 021,5.88,17,0.712955191669012,0.034,Hot Spot
E02000045,Barnet 022,0.0,18,-0.5879035741971198,0.07,Not Significant
E02000046,Barnet 023,8.86,79,-0.040326053598681195,0.456,Not Significant
E02000047,Barnet 024,16.67,48,0.7030426373045795,0.06,Not Significant
E02000048,Barnet 025,7.41,27,0.44891416301376014,0.063,Not Significant
E02000049,Barnet 026,28.57,7,1.403350025865881,0.055,Not Significant
E02000050,Barnet 027,0.0,36,-0.3726881705237593,0.303,Not Significant
E02000051,Barnet 028,11.36,44,0.10680431444471451,0.418,Not Significant
E02000052,Barnet 029,3.57,56,-0.7079803219006767,0.03,Cold Spot
E02000054,Barnet 031,7.14,14,0.5076341207527957,0.095,Not Significant
E02000055,Barnet 032,8.85,113,0.19910586615984535,0.294,Not Significant
E02000056,Barnet 033,4.17,24,-0.010019876358013045,0.408,Not Significant
E02000057,Barnet 034,5.56,18,0.19447028926589008,0.248,Not Significant
E02000058,Barnet 035,4.76,42,0.1347763037918465,0.274,Not Significant
E02000059,Barnet 036,4.55,44,-0.2850543872087918,0.224,Not Significant
E02000060,Barnet 037,4.0,25,0.3840916233431452,0.101,Not Significant
E02000061,Barnet 038,10.98,82,0.1452610166251082,0.373,Not Significant
E02000062,Barnet 039,7.45,94,0.08901091492841313,0.349,Not Significant
E02000063,Barnet 040,16.67,6,0.5685525982365638,0.223,Not Significant
E02000064,Barnet 041,10.34,29,0.2872255590024811,0.259,Not Significant
E02000065,Bexley 001,25.0,8,0.1892661982245633,0.179,Not Significant
E02000066,Bexley 002,0.0,8,0.3657971296264358,0.088,Not Significant
E02000067,Bexley 003,8.2,61,0.7823795154346118,0.039,Hot Spot
E02000068,Bexley 004,16.33,49,-0.19399980081903984,0.077,Not Significant
E02000069,Bexley 005,0.0,9,0.34079708442790463,0.094,Not Significant
E02000070,Bexley 006,18.18,11,-0.16090450288955585,0.11,Not Significant
E02000071,Bexley 007,7.69,39,-0.1969589898425394,0.312,Not Significant
E02000072,Bexley 008,0.0,23,-0.26838769040977106,0.448,Not Significant
E02000073,Bexley 009,3.7,27,-0.22944204176716143,0.306,Not Significant
E02000074,Bexley 010,0.0,11,-0.2978520293937541,0.344,Not Significant
E02000075,Bexley 011,0.0,18,-0.0971774683358656,0.387,Not Significant
E02000077,Bexley 013,0.0,17,-0.18542835675097194,0.41,Not Significant
E02000078,Bexley 014,3.45,29,-0.45083699985864273,0.2,Not Significant
E02000079,Bexley 015,0.75,133,-0.6556332884849773,0.061,Not Significant
E02000080,Bexley 016,10.0,100,-0.2653264603854613,0.183,Not Significant
E02000081,Bexley 017,5.0,20,-0.672907372193583,0.012,Cold Spot
E02000082,Bexley 018,3.57,28,-0.4918574821843959,0.062,Not Significant
E02000083,Bexley 019,1.35,74,-0.6926741717791272,0.062,Not Significant
E02000084,Bexley 020,0.0,16,-0.5947913417518171,0.064,Not Significant
E02000085,Bexley 021,1.96,51,-0.5487453401361555,0.113,Not Significant
E02000086,Bexley 022,0.0,14,-0.7511873971009368,0.017,Cold Spot
E02000087,Bexley 023,1.89,53,-0.660881111383794,0.031,Cold Spot
E02000088,Bexley 024,0.0,17,-0.6713220923595653,0.026,Cold Spot
E02000089,Bexley 025,0.0,12,-0.859970392607665,0.013,Cold Spot
E02000090,Bexley 026,3.33,90,-0.8038842853765579,0.005,Cold Spot
E02000091,Bexley 027,3.12,32,-0.43139818920427486,0.19,Not Significant
E02000092,Bexley 028,4.0,25,-0.468132949495994,0.134,Not Significant
E02000093,Brent 001,11.11,36,-0.04147401485779763,0.397,Not Significant
E02000094,Brent 002,0.0,72,0.24130710863783236,0.121,Not Significant
E02000095,Brent 003,11.11,81,-0.28694639743215006,0.136,Not Significant
E02000096,Brent 004,10.0,20,-0.16146329884637414,0.289,Not Significant
E02000097,Brent 005,0.0,38,-0.4251663995119294,0.241,Not Significant
E02000098,Brent 006,0.0,19,0.03226882983495411,0.268,Not Significant
E02000099,Brent 007,7.14,42,-0.03139746602777734,0.48,Not Significant
E02000100,Brent 008,0.0,24,0.22695759289887904,0.136,Not Significant
E02000101,Brent 009,8.11,37,-0.5045397208565369,0.043,Cold Spot
E02000102,Brent 010,0.0,14,-0.506398324799868,0.125,Not Significant
E02000103,Brent 011,0.0,34,-0.38012258629708345,0.285,Not Significant
E02000104,Brent 012,8.33,12,-0.016006281738885915,0.484,Not Significant
E02000105,Brent 013,10.34,58,0.32600113931040675,0.237,Not Significant
E02000106,Brent 014,6.56,61,-0.4269156738115352,0.101,Not Significant
E02000107,Brent 015,7.27,55,-0.4964493272208609,0.062,Not Significant
E02000108,Brent 016,14.29,7,0.6703895170452738,0.106,Not Significant
E02000110,Brent 018,0.0,17,-0.33223620234537804,0.341,Not Significant
E02000111,Brent 019,9.72,72,0.6926472103470273,0.052,Not Significant
E02000112,Brent 020,6.32,95,-0.11111699791084836,0.426,Not Significant
E02000113,Brent 021,0.0,16,-0.32463779210646593,0.31,Not Significant
E02000114,Brent 022,2.94,68,-0.5105309853326865,0.154,Not Significant
E02000115,Brent 023,0.0,15,-0.5177078690563465,0.083,Not Significant
E02000116,Brent 024,11.25,80,-0.2722142279401586,0.143,Not Significant
E02000117,Brent 025,5.88,51,-0.15078543697586463,0.405,Not Significant
E02000118,Brent 026,12.7,63,0.4558483128415531,0.176,Not Significant
E02000119,Brent 027,1.85,54,0.2855036171138068,0.128,Not Significant
E02000120,Brent 028,3.8,79,-0.11966293172871377,0.49,Not Significant
E02000121,Brent 029,6.82,88,0.911497824674256,0.019,Hot Spot
E02000122,Brent 030,0.0,14,-0.45053087685621196,0.246,Not Significant
E02000123,Brent 031,5.59,143,0.08124851022391308,0.336,Not Significant
E02000124,Brent 032,2.25,89,-0.05172063202250162,0.43,Not Significant
E02000125,Brent 033,2.94,34,-0.2570174074623339,0.355,Not Significant
E02000126,Brent 034,7.14,28,0.637736396785968,0.054,Not Significant
E02000127,Bromley 001,0.0,27,-0.6311434482904975,0.064,Not Significant
E02000128,Bromley 002,0.0,35,-0.780569738852126,0.007,Cold Spot
E02000130,Bromley 004,2.99,67,-0.5025717872694805,0.086,Not Significant
E02000131,Bromley 005,8.57,35,-0.16698444585450464,0.302,Not Significant
E02000132,Bromley 006,0.0,88,-0.8015519196437505,0.021,Cold Spot
E02000133,Bromley 007,5.26,19,-0.48318399711551774,0.051,Not Significant
E02000134,Bromley 008,2.17,92,-0.47685745506527716,0.216,Not Significant
E02000135,Bromley 009,5.56,54,-0.18945168764006498,0.369,Not Significant
E02000136,Bromley 010,0.0,21,-0.5356713369073317,0.102,Not Significant
E02000137,Bromley 011,0.0,8,-0.731016077833609,0.019,Cold Spot
E02000138,Bromley 012,0.0,19,-0.7910927170606914,0.007,Cold Spot
E02000139,Bromley 013,0.0,31,-0.8015519196437505,0.021,Cold Spot
E02000140,Bromley 014,9.68,31,-0.5163473223788754,0.033,Cold Spot
E02000141,Bromley 015,0.0,15,-0.5143065023626687,0.18,Not Significant
E02000142,Bromley 016,9.52,21,-0.2913469155920954,0.164,Not Significant
E02000144,Bromley 018,3.6,111,-0.47808194707500107,0.112,Not Significant
E02000145,Bromley 019,0.0,38,-0.34083680098510616,0.347,Not Significant
E02000146,Bromley 020,6.06,33,-0.37195930623225715,0.17,Not Significant
E02000147,Bromley 021,0.0,8,-0.8071641746883185,0.012,Cold Spot
E02000148,Bromley 022,3.28,61,-0.41751332445115463,0.17,Not Significant
E02000149,Bromley 023,0.0,20,-0.4704288720142263,0.198,Not Significant
E02000150,Bromley 024,0.0,27,-0.6764879180255884,0.032,Cold Spot
E02000151,Bromley 025,0.0,3,-0.7140153182343163,0.029,Cold Spot
E02000152,Bromley 026,0.0,7,-0.6326740633026525,0.064,Not Significant
E02000153,Bromley 027,0.0,4,-0.6291755147034411,0.064,Not Significant
E02000154,Bromley 028,2.02,99,-0.5139420702169173,0.11,Not Significant
E02000155,Bromley 029,10.0,10,-0.4421124942893596,0.058,Not Significant
E02000156,Bromley 030,2.7,74,-0.5674315984095472,0.052,Not Significant
E02000157,Bromley 031,0.0,9,-0.7887967945424589,0.007,Cold Spot
E02000158,Bromley 032,7.69,13,-0.3415510879907783,0.172,Not Significant
E02000159,Bromley 033,2.86,35,-0.8188988897815067,0.007,Cold Spot
E02000160,Bromley 034,2.08,48,-0.4656669586430776,0.094,Not Significant
E02000161,Bromley 035,0.0,14,-0.697214996315187,0.057,Not Significant
E02000162,Bromley 036,0.0,15,-0.8719602102028788,0.009,Cold Spot
E02000163,Bromley 037,0.0,31,-0.5581112462819606,0.108,Not Significant
E02000165,Bromley 039,0.0,10,-0.9449195257822652,0.001,Cold Spot
E02000166,Camden 001,11.32,53,0.1521913012634763,0.371,Not Significant
E02000167,Camden 002,6.06,99,0.18270641960104217,0.25,Not Significant
E02000168,Camden 003,8.64,81,0.17906209814353025,0.319,Not Significant
E02000169,Camden 004,0.0,13,0.06419308580275783,0.239,Not Significant
E02000170,Camden 005,2.86,35,-0.1579920826580944,0.452,Not Significant
E02000171,Camden 006,10.34,29,0.5918179464213188,0.069,Not Significant
E02000172,Camden 007,15.05,93,0.5131826001718574,0.139,Not Significant
E02000173,Camden 008,8.7,69,0.26142376308329746,0.233,Not Significant
E02000174,Camden 009,2.56,39,0.37542724907791064,0.09,Not Significant
E02000175,Camden 010,7.21,111,-0.017148169128906172,0.48,Not Significant
E02000176,Camden 011,14.29,21,0.4433482902422874,0.259,Not Significant
E02000177,Camden 012,11.11,54,0.6055934815307137,0.118,Not Significant
E02000178,Camden 013,6.0,50,-0.023926607039878017,0.46,Not Significant
E02000179,Camden 014,3.45,29,0.5464097010607215,0.058,Not Significant
E02000180,Camden 015,12.12,33,0.4124808874971621,0.196,Not Significant
E02000181,Camden 016,9.09,11,0.40294005392139637,0.183,Not Significant
E02000182,Camden 017,8.57,35,0.3271746108197258,0.149,Not Significant
E02000183,Camden 018,10.7,187,0.34902414011823757,0.195,Not Significant
E02000184,Camden 019,6.49,77,0.4122986714242866,0.111,Not Significant
E02000185,Camden 020,13.16,38,0.16368306159283047,0.42,Not Significant
E02000186,Camden 021,7.26,248,0.10156195802808397,0.339,Not Significant
E02000187,Camden 022,7.89,190,0.3805930747439338,0.113,Not Significant
E02000188,Camden 023,9.41,85,0.36283794060293617,0.213,Not Significant
E02000191,Camden 026,6.82,308,0.30865416917265076,0.167,Not Significant
E02000192,Camden 027,10.7,187,0.23518464858921223,0.32,Not Significant
E02000193,Camden 028,8.85,531,0.2334353742896068,0.251,Not Significant
E02000194,Croydon 001,4.84,62,-0.008401797630877578,0.409,Not Significant
E02000195,Croydon 002,6.9,29,-0.35956861327671674,0.145,Not Significant
E02000196,Croydon 003,2.33,43,0.11197014011073751,0.235,Not Significant
E02000197,Croydon 004,10.53,57,-0.07495621824868746,0.371,Not Significant
E02000198,Croydon 005,5.88,34,0.040605215169012394,0.371,Not Significant
E02000199,Croydon 006,5.26,38,-0.11647415045339088,0.496,Not Significant
E02000200,Croydon 007,4.26,47,-0.10716290912944815,0.451,Not Significant
E02000201,Croydon 008,8.33,60,-0.32246942083924657,0.154,Not Significant
E02000202,Croydon 009,15.79,19,0.14903288933363298,0.496,Not Significant
E02000203,Croydon 010,6.25,64,0.006685693203221235,0.425,Not Significant
E02000204,Croydon 011,5.8,69,0.24589895367429712,0.202,Not Significant
E02000206,Croydon 013,2.63,38,-0.015644886527682676,0.371,Not Significant
E02000207,Croydon 014,6.25,32,-0.5341407218951768,0.039,Cold Spot
E02000208,Croydon 015,3.45,29,0.4219196800721178,0.081,Not Significant
E02000209,Croydon 016,11.11,18,-0.03675461857031986,0.385,Not Significant
E02000210,Croydon 017,0.0,15,-0.3057346967063522,0.459,Not Significant
E02000211,Croydon 018,0.0,11,-0.6698461421692731,0.048,Cold Spot
E02000212,Croydon 019,12.68,71,0.35967466957781574,0.242,Not Significant
E02000213,Croydon 020,13.73,102,0.2200971577551135,0.365,Not Significant
E02000214,Croydon 021,0.0,37,0.0816858287988144,0.22,Not Significant
E02000215,Croydon 022,12.0,50,0.2476482279739028,0.303,Not Significant
E02000216,Croydon 023,25.0,4,0.09379408684139742,0.237,Not Significant
E02000217,Croydon 024,7.61,92,0.07665666518744813,0.375,Not Significant
E02000218,Croydon 025,5.0,20,-0.5086942473181004,0.134,Not Significant
E02000219,Croydon 026,3.7,27,-0.16090450288955577,0.393,Not Significant
E02000221,Croydon 028,0.0,35,-0.21260527663345674,0.405,Not Significant
E02000222,Croydon 029,0.0,28,0.006904352490671996,0.281,Not Significant
E02000223,Croydon 030,0.0,6,-0.07935673640863308,0.295,Not Significant
E02000224,Croydon 031,6.12,49,-0.6244087422370157,0.037,Cold Spot
E02000225,Croydon 032,14.29,7,-0.3678776661998439,0.033,Cold Spot
E02000226,Croydon 033,3.45,29,-0.10526786197154181,0.486,Not Significant
E02000227,Croydon 034,6.25,16,-0.392707643063691,0.091,Not Significant
E02000228,Croydon 035,0.0,21,-0.640545797650878,0.06,Not Significant
E02000229,Croydon 036,0.0,42,-0.3161428787890058,0.441,Not Significant
E02000230,Croydon 037,4.35,69,-0.329102085891918,0.165,Not Significant
E02000231,Croydon 038,10.0,10,-0.023795411467407702,0.435,Not Significant
E02000232,Croydon 039,0.0,13,-0.6479802134242022,0.112,Not Significant
E02000233,Croydon 040,0.0,11,-0.5849188749234175,0.162,Not Significant
E02000234,Croydon 041,7.41,54,-0.38981648137406505,0.12,Not Significant
E02000235,Croydon 042,0.0,7,-0.8339499374010305,0.015,Cold Spot
E02000236,Croydon 043,0.0,12,-0.1569589175248896,0.383,Not Significant
E02000237,Croydon 044,0.0,23,-0.7180823809808996,0.067,Not Significant
E02000238,Ealing 001,5.88,34,0.3029690276989322,0.151,Not Significant
E02000239,Ealing 002,17.07,41,0.5732804979407753,0.106,Not Significant
E02000240,Ealing 003,0.0,12,0.07561803357205715,0.23,Not Significant
E02000241,Ealing 004,3.33,30,-0.20379573689683145,0.458,Not Significant
E02000242,Ealing 005,15.38,26,0.7762570553859922,0.147,Not Significant
E02000243,Ealing 006,2.5,40,0.3693685646547973,0.089,Not Significant
E02000244,Ealing 007,5.71,35,0.9424988525394896,0.006,Hot Spot
E02000245,Ealing 008,0.0,12,0.2633916966703539,0.116,Not Significant
E02000246,Ealing 009,5.0,20,0.31605214173139945,0.138,Not Significant
E02000247,Ealing 010,12.5,32,0.29045685736147475,0.241,Not Significant
E02000248,Ealing 011,17.5,40,0.6872900578044849,0.081,Not Significant
E02000249,Ealing 012,9.46,74,1.2122272313481315,0.006,Hot Spot
E02000250,Ealing 013,16.0,25,1.572942169212651,0.001,Hot Spot
E02000251,Ealing 014,17.65,17,1.4760032184428367,0.003,Hot Spot
E02000252,Ealing 015,14.47,159,0.5355253276409531,0.108,Not Significant
E02000253,Ealing 016,0.0,11,0.8624306805703165,0.012,Hot Spot
E02000254,Ealing 017,10.53,19,1.8586569714815782,0.001,Hot Spot
E02000255,Ealing 018,30.0,10,1.527980353230599,0.001,Hot Spot
E02000256,Ealing 019,19.23,26,1.5611345676903132,0.001,Hot Spot
E02000258,Ealing 021,7.69,13,0.9753900684673532,0.023,Hot Spot
E02000259,Ealing 022,20.83,24,1.3455365102639136,0.006,Hot Spot
E02000260,Ealing 023,23.14,121,2.1882494040989466,0.001,Hot Spot
E02000261,Ealing 024,14.0,50,0.2617153087998981,0.291,Not Significant
E02000262,Ealing 025,10.74,121,1.055156976529372,0.009,Hot Spot
E02000263,Ealing 026,29.41,68,2.2248140960559812,0.001,Hot Spot
E02000264,Ealing 027,19.57,46,0.7618862811052042,0.047,Hot Spot
E02000265,Ealing 028,17.14,105,2.002024577620093,0.001,Hot Spot
E02000266,Ealing 029,21.62,37,2.077766829585215,0.001,Hot Spot
E02000267,Ealing 030,20.34,59,2.2239637543825626,0.001,Hot Spot
E02000268,Ealing 031,17.78,45,1.2553395541904964,0.01,Hot Spot
E02000269,Ealing 032,14.52,62,1.4459011232037895,0.001,Hot Spot
E02000270,Ealing 033,16.67,48,1.2016586991213472,0.008,Hot Spot
E02000271,Ealing 034,8.33,36,0.7663080578069852,0.029,Hot Spot
E02000272,Ealing 035,14.29,21,1.175556246681918,0.002,Hot Spot
E02000275,Ealing 038,33.33,39,1.6963097391923412,0.029,Hot Spot
E02000276,Ealing 039,18.92,37,0.7499086112481818,0.075,Not Significant
E02000277,Enfield 001,5.88,17,0.4591646453678885,0.142,Not Significant
E02000278,Enfield 002,10.53,57,0.4157972200234981,0.202,Not Significant
E02000279,Enfield 003,11.11,36,0.5247259883885261,0.113,Not Significant
E02000280,Enfield 004,4.62,65,0.4457292469278618,0.063,Not Significant
E02000281,Enfield 005,17.39,23,0.8604408810545153,0.056,Not Significant
E02000282,Enfield 006,12.31,65,0.7655427503009075,0.031,Hot Spot
E02000283,Enfield 007,6.67,15,0.631613936737348,0.09,Not Significant
E02000284,Enfield 008,9.21,76,0.5152871958135707,0.121,Not Significant
E02000285,Enfield 009,11.11,9,0.6624813394824732,0.069,Not Significant
E02000286,Enfield 010,11.76,17,-0.011499470869762916,0.388,Not Significant
E02000287,Enfield 011,4.84,62,-0.4028631521919571,0.152,Not Significant
E02000288,Enfield 012,15.66,83,1.267839576789762,0.006,Hot Spot
E02000289,Enfield 013,0.0,7,-0.0847138889511753,0.378,Not Significant
E02000290,Enfield 014,11.11,27,0.7485966555234772,0.033,Hot Spot
E02000291,Enfield 015,11.0,100,0.46587019684971076,0.121,Not Significant
E02000292,Enfield 016,9.68,31,1.0848460486699012,0.002,Hot Spot
E02000293,Enfield 017,0.0,19,0.22315838777942332,0.122,Not Significant
E02000294,Enfield 018,20.59,34,0.8404335562527753,0.059,Not Significant
E02000295,Enfield 019,11.76,17,-0.30053060566502543,0.11,Not Significant
E02000296,Enfield 020,6.36,110,-0.23471416014236174,0.269,Not Significant
E02000297,Enfield 021,11.76,34,0.21834788345550754,0.302,Not Significant
E02000298,Enfield 022,7.14,56,0.005811056053418397,0.462,Not Significant
E02000299,Enfield 023,15.91,44,0.8374816558721907,0.056,Not Significant
E02000300,Enfield 024,6.25,16,0.6221751441623924,0.049,Hot Spot
E02000301,Enfield 025,8.7,23,0.7385018850861698,0.038,Hot Spot
E02000302,Enfield 026,5.88,17,0.5216283151496415,0.058,Not Significant
E02000303,Enfield 027,9.09,33,0.5305933459351203,0.076,Not Significant
E02000304,Enfield 028,0.0,24,0.3050189585187824,0.093,Not Significant
E02000305,Enfield 029,6.94,72,0.26962348636269884,0.208,Not Significant
E02000306,Enfield 030,8.74,103,0.4906060287425719,0.084,Not Significant
E02000307,Enfield 031,11.11,27,0.6233486156717113,0.105,Not Significant
E02000308,Enfield 032,11.11,36,0.19691927328533815,0.344,Not Significant
E02000309,Enfield 033,14.29,98,0.23575862921877025,0.344,Not Significant
E02000311,Enfield 035,15.15,33,0.3339093168732075,0.253,Not Significant
E02000312,Enfield 036,12.5,56,0.08633233865714197,0.479,Not Significant
E02000313,Greenwich 001,0.0,8,-0.06175466376885083,0.311,Not Significant
E02000314,Greenwich 002,3.85,26,0.09181704245069713,0.291,Not Significant
E02000315,Greenwich 003,0.0,25,-0.1872650947655579,0.491,Not Significant
E02000317,Greenwich 005,6.67,15,0.17549066311516867,0.308,Not Significant
E02000318,Greenwich 006,4.29,70,-0.33343882842635714,0.247,Not Significant
E02000319,Greenwich 007,7.5,40,-0.32086591939794123,0.162,Not Significant
E02000320,Greenwich 008,8.33,12,-0.06481589379316079,0.415,Not Significant
E02000321,Greenwich 009,0.0,8,-0.15726504052732052,0.399,Not Significant
E02000323,Greenwich 011,5.33,75,-0.4378486381840706,0.106,Not Significant
E02000324,Greenwich 012,17.65,34,-0.09630283118606298,0.167,Not Significant
E02000326,Greenwich 014,6.67,15,-0.06277507377695427,0.466,Not Significant
E02000327,Greenwich 015,0.0,18,-0.28273720614872383,0.339,Not Significant
E02000328,Greenwich 016,6.25,16,-0.5859903054319263,0.028,Cold Spot
E02000329,Greenwich 017,0.0,13,-0.47706153706689786,0.1,Not Significant
E02000331,Greenwich 019,0.0,13,-0.2764780840454472,0.384,Not Significant
E02000332,Greenwich 020,0.0,17,-0.8089498922024995,0.015,Cold Spot
E02000333,Greenwich 021,0.0,21,-0.7301961055056688,0.024,Cold Spot
E02000334,Greenwich 022,0.0,6,-0.7977891577388693,0.005,Cold Spot
E02000335,Greenwich 023,0.0,12,-0.729485462821454,0.017,Cold Spot
E02000337,Greenwich 025,7.69,13,-0.7767705337326699,0.001,Cold Spot
E02000339,Greenwich 027,0.0,66,-0.6506587896954733,0.168,Not Significant
E02000340,Greenwich 028,0.0,81,-0.7534225809282109,0.008,Cold Spot
E02000341,Greenwich 029,0.0,14,-0.7977891577388693,0.005,Cold Spot
E02000342,Greenwich 030,0.0,28,-0.853847932559045,0.008,Cold Spot
E02000343,Greenwich 031,0.0,21,-0.9449195257822655,0.001,Cold Spot
E02000344,Greenwich 032,0.0,12,-0.9449195257822655,0.001,Cold Spot
E02000345,Hackney 001,20.0,25,0.44845034028280395,0.359,Not Significant
E02000346,Hackney 002,0.0,17,-0.5035921972775841,0.19,Not Significant
E02000347,Hackney 003,0.0,12,-0.2880670262803348,0.37,Not Significant
E02000348,Hackney 004,0.0,13,0.691089262923941,0.019,Hot Spot
E02000350,Hackney 006,2.86,35,0.2572255047642437,0.158,Not Significant
E02000351,Hackney 007,4.88,41,-0.26313986751095403,0.271,Not Significant
E02000352,Hackney 008,0.0,10,-0.4284462888236901,0.221,Not Significant
E02000353,Hackney 009,6.19,97,-0.3542934579669683,0.139,Not Significant
E02000354,Hackney 010,15.22,46,0.21715740511272044,0.373,Not Significant
E02000355,Hackney 011,4.76,42,0.17319474059693624,0.236,Not Significant
E02000356,Hackney 012,3.03,33,-0.3150714482804976,0.285,Not Significant
E02000357,Hackney 013,0.0,11,0.3582078301911675,0.074,Not Significant
E02000358,Hackney 014,3.57,84,-0.18975234416030978,0.372,Not Significant
E02000359,Hackney 015,10.26,39,-0.24389785021529176,0.189,Not Significant
E02000360,Hackney 016,7.14,42,0.04600063308685869,0.422,Not Significant
E02000361,Hackney 017,5.26,114,0.1848656800646177,0.225,Not Significant
E02000362,Hackney 018,4.17,48,-0.2106616385227837,0.35,Not Significant
E02000363,Hackney 019,3.03,33,0.2729398188890345,0.129,Not Significant
E02000364,Hackney 020,1.18,85,-0.3254030996125434,0.268,Not Significant
E02000366,Hackney 022,12.82,39,-0.0033361908049366258,0.357,Not Significant
E02000367,Hackney 023,12.2,123,-0.20716308992357257,0.151,Not Significant
E02000368,Hackney 024,0.0,36,-0.26322186474374804,0.366,Not Significant
E02000369,Hackney 025,6.25,64,-0.36902562745895995,0.132,Not Significant
E02000370,Hackney 026,3.45,29,-0.11609149670035213,0.5,Not Significant
E02000372,Hammersmith and Fulham 001,4.95,101,-0.23203558387109074,0.214,Not Significant
E02000373,Hammersmith and Fulham 002,8.33,12,-0.3935154676534394,0.132,Not Significant
E02000374,Hammersmith and Fulham 003,0.0,11,-0.072906287428837,0.363,Not Significant
E02000375,Hammersmith and Fulham 004,1.13,177,-0.5761943693541344,0.034,Cold Spot
E02000376,Hammersmith and Fulham 005,9.68,124,-0.46405130946358086,0.047,Cold Spot
E02000377,Hammersmith and Fulham 006,1.79,56,-0.2513322659886157,0.366,Not Significant
E02000378,Hammersmith and Fulham 007,0.0,44,-0.5718867813913554,0.094,Not Significant
E02000379,Hammersmith and Fulham 008,0.0,8,-0.28241832802119166,0.421,Not Significant
E02000380,Hammersmith and Fulham 009,6.25,16,-0.5458663261847209,0.042,Cold Spot
E02000381,Hammersmith and Fulham 010,0.0,60,-0.7273170915542347,0.042,Cold Spot
E02000382,Hammersmith and Fulham 011,0.0,75,-0.7170765482586263,0.027,Cold Spot
E02000383,Hammersmith and Fulham 012,1.75,57,-0.8108813825749804,0.006,Cold Spot
E02000384,Hammersmith and Fulham 013,0.53,188,-0.5648896841929326,0.09,Not Significant
E02000385,Hammersmith and Fulham 014,3.85,26,-0.701551738849626,0.015,Cold Spot
E02000386,Hammersmith and Fulham 015,0.0,52,-0.7153272739590206,0.028,Cold Spot
E02000387,Hammersmith and Fulham 016,0.0,18,-0.482673792111466,0.269,Not Significant
E02000388,Hammersmith and Fulham 017,4.9,102,-0.7328200169550774,0.006,Cold Spot
E02000389,Hammersmith and Fulham 018,5.0,40,-0.5461943151158972,0.064,Not Significant
E02000390,Hammersmith and Fulham 019,0.0,18,-0.5471782819094252,0.112,Not Significant
E02000391,Hammersmith and Fulham 020,1.61,62,-0.7328200169550774,0.016,Cold Spot
E02000392,Hammersmith and Fulham 021,3.19,94,-0.596157962298384,0.05,Not Significant
E02000393,Hammersmith and Fulham 022,6.25,16,-0.5765515128569706,0.038,Cold Spot
E02000394,Hammersmith and Fulham 023,0.0,23,-0.883312271543028,0.034,Cold Spot
E02000395,Hammersmith and Fulham 024,0.0,60,-0.5028779102719115,0.248,Not Significant
E02000396,Hammersmith and Fulham 025,0.0,33,-0.7979804846153887,0.039,Cold Spot
E02000397,Haringey 001,2.94,34,-0.1528262569920713,0.454,Not Significant
E02000398,Haringey 002,0.0,32,0.12782293845091408,0.182,Not Significant
E02000400,Haringey 004,0.0,27,-0.2081834999316758,0.377,Not Significant
E02000401,Haringey 005,0.0,16,-0.2799766326446585,0.379,Not Significant
E02000402,Haringey 006,0.0,10,-0.5928780729866235,0.113,Not Significant
E02000403,Haringey 007,5.26,38,-0.18777529976960966,0.31,Not Significant
E02000404,Haringey 008,0.0,27,-0.5925719499841925,0.162,Not Significant
E02000405,Haringey 009,0.0,28,-0.7771258550747774,0.012,Cold Spot
E02000406,Haringey 010,6.25,16,-0.5166024248809012,0.064,Not Significant
E02000407,Haringey 011,0.0,60,-0.6678782085822168,0.048,Cold Spot
E02000408,Haringey 012,4.76,42,-0.6217046557155421,0.035,Cold Spot
E02000409,Haringey 013,0.0,16,-0.629102628274291,0.031,Cold Spot
E02000410,Haringey 014,0.0,28,-0.8270621698463331,0.029,Cold Spot
E02000411,Haringey 015,0.0,18,-0.4528267993744443,0.237,Not Significant
E02000412,Haringey 016,2.42,165,-0.5758499809763995,0.045,Cold Spot
E02000413,Haringey 017,0.0,12,-0.7826743344938389,0.014,Cold Spot
E02000414,Haringey 018,0.0,19,-0.5295106114834078,0.222,Not Significant
E02000415,Haringey 019,2.86,35,-0.48535236838273715,0.093,Not Significant
E02000416,Haringey 020,2.5,40,-0.8194090947855585,0.005,Cold Spot
E02000417,Haringey 021,3.85,52,-0.8607357001137422,0.001,Cold Spot
E02000418,Haringey 022,0.0,16,-0.7129220217970629,0.028,Cold Spot
E02000419,Haringey 023,0.0,74,-0.5211578267027908,0.13,Not Significant
E02000420,Haringey 024,9.46,74,-0.5257861149538311,0.029,Cold Spot
E02000421,Haringey 025,4.11,73,-0.5942173611222591,0.029,Cold Spot
E02000422,Haringey 026,0.0,18,-0.43522472673466206,0.213,Not Significant
E02000423,Haringey 027,3.03,33,-0.47782684457297553,0.144,Not Significant
E02000424,Haringey 028,0.0,32,-0.6097148381203281,0.075,Not Significant
E02000425,Haringey 029,0.0,18,0.3781058253491822,0.073,Not Significant
E02000426,Haringey 030,0.0,22,-0.4599058938056609,0.147,Not Significant
E02000427,Haringey 031,8.57,35,-0.5080820013132384,0.021,Cold Spot
E02000428,Haringey 032,3.85,52,-0.26666574852109665,0.276,Not Significant
E02000429,Haringey 033,0.0,7,-0.6190898550697773,0.043,Cold Spot
E02000430,Haringey 034,4.26,94,-0.6158372981689479,0.03,Cold Spot
E02000431,Haringey 035,2.44,41,-0.34032659598105447,0.277,Not Significant
E02000432,Haringey 036,0.0,27,-0.2739999454543394,0.428,Not Significant
E02000433,Harrow 001,2.22,45,-0.7464497792061716,0.018,Cold Spot
E02000434,Harrow 002,5.56,36,-0.5280182618465569,0.041,Cold Spot
E02000435,Harrow 003,0.0,4,-0.8769602192425849,0.016,Cold Spot
E02000436,Harrow 004,0.0,11,-0.5984903280311918,0.113,Not Significant
E02000437,Harrow 005,0.0,21,-0.247150407116121,0.381,Not Significant
E02000438,Harrow 006,11.36,44,-0.5445543704600166,0.013,Cold Spot
E02000439,Harrow 007,0.0,42,0.05049043712251315,0.237,Not Significant
E02000440,Harrow 008,0.0,24,-0.38260983569183526,0.234,Not Significant
E02000441,Harrow 009,0.0,13,-0.13762943651424686,0.446,Not Significant
E02000442,Harrow 010,0.0,18,-0.17961201970478316,0.433,Not Significant
E02000443,Harrow 011,14.0,50,0.14610285488179334,0.468,Not Significant
E02000444,Harrow 012,8.33,36,-0.3508222417786883,0.124,Not Significant
E02000445,Harrow 013,11.11,54,0.01962303437738794,0.434,Not Significant
E02000447,Harrow 015,0.0,14,0.00012591457970004727,0.303,Not Significant
E02000448,Harrow 016,4.17,48,-0.2506762881262635,0.311,Not Significant
E02000449,Harrow 017,0.0,9,0.056714938171943514,0.231,Not Significant
E02000451,Harrow 019,2.78,36,-0.11628282357687143,0.472,Not Significant
E02000452,Harrow 020,10.53,95,0.0996158903697727,0.44,Not Significant
E02000453,Harrow 021,4.55,22,-0.35129600356816504,0.229,Not Significant
E02000454,Harrow 022,9.09,11,0.08015521378665949,0.427,Not Significant
E02000455,Harrow 023,5.41,111,-0.09236696401195008,0.445,Not Significant
E02000456,Harrow 024,0.0,10,0.16105915014342195,0.158,Not Significant
E02000457,Harrow 025,11.36,44,0.35041809307573624,0.195,Not Significant
E02000459,Harrow 027,14.58,48,0.693603844729624,0.086,Not Significant
E02000460,Harrow 028,10.0,20,0.9760023144722153,0.017,Hot Spot
E02000461,Harrow 029,11.9,42,0.5095048724343183,0.089,Not Significant
E02000462,Harrow 030,16.39,61,0.5920366057087697,0.119,Not Significant
E02000463,Harrow 031,11.54,26,0.4086543499667749,0.186,Not Significant
E02000464,Havering 001,0.0,7,-0.12297926425504943,0.37,Not Significant
E02000465,Havering 002,4.35,23,-0.39581139017167183,0.255,Not Significant
E02000466,Havering 003,12.5,8,-0.41354101406246696,0.037,Cold Spot
E02000467,Havering 004,10.0,40,-0.5056330172937906,0.038,Cold Spot
E02000468,Havering 005,0.0,38,-0.4714492820223298,0.22,Not Significant
E02000469,Havering 006,0.0,11,-0.22225058075767135,0.433,Not Significant
E02000470,Havering 007,0.0,38,-0.36137255239818517,0.252,Not Significant
E02000471,Havering 008,8.33,12,-0.2403264151869302,0.233,Not Significant
E02000472,Havering 009,0.0,19,-0.2969591706366639,0.399,Not Significant
E02000473,Havering 010,5.0,20,-0.5962454260133644,0.059,Not Significant
E02000474,Havering 011,0.0,18,-0.6217410989301171,0.061,Not Significant
E02000475,Havering 012,2.22,45,-0.4729161214089781,0.106,Not Significant
E02000476,Havering 013,4.57,219,-0.3703649155945955,0.148,Not Significant
E02000477,Havering 014,4.55,22,-0.3733441483861113,0.174,Not Significant
E02000478,Havering 015,0.0,5,-0.43260081528525357,0.217,Not Significant
E02000479,Havering 016,7.5,40,-0.19553041583119465,0.316,Not Significant
E02000480,Havering 017,2.86,35,-0.4809731087646273,0.063,Not Significant
E02000481,Havering 018,4.76,21,-0.6032097243186695,0.072,Not Significant
E02000482,Havering 019,4.17,24,-0.5268429681765091,0.061,Not Significant
E02000483,Havering 020,2.3,87,-0.4437524389452398,0.155,Not Significant
E02000484,Havering 021,5.0,20,-0.40748232963935344,0.115,Not Significant
E02000485,Havering 022,5.19,77,-0.6474700084201507,0.024,Cold Spot
E02000486,Havering 023,5.88,34,-0.5414494085782167,0.068,Not Significant
E02000487,Havering 024,0.0,21,-0.5847147929217971,0.118,Not Significant
E02000488,Havering 025,0.0,12,-0.652572058460667,0.045,Cold Spot
E02000489,Havering 026,0.0,23,-0.45160230736472023,0.105,Not Significant
E02000490,Havering 027,17.65,17,-0.12795376304455316,0.059,Not Significant
E02000491,Havering 028,3.7,27,-0.1579647502471629,0.412,Not Significant
E02000492,Havering 029,0.0,11,-0.26467048252310893,0.389,Not Significant
E02000493,Havering 030,9.76,41,-0.25818359032873794,0.184,Not Significant
E02000494,Hillingdon 001,12.5,8,0.2664091948371736,0.357,Not Significant
E02000495,Hillingdon 002,8.89,90,-0.2901224235823715,0.188,Not Significant
E02000496,Hillingdon 003,18.18,33,0.44513400775646805,0.302,Not Significant
E02000497,Hillingdon 004,0.0,18,-0.5237817381521993,0.126,Not Significant
E02000498,Hillingdon 005,0.0,8,0.0974292974952655,0.204,Not Significant
E02000499,Hillingdon 006,4.35,46,-0.19557414768868486,0.37,Not Significant
E02000500,Hillingdon 007,1.85,108,-0.4297582445483944,0.176,Not Significant
E02000501,Hillingdon 008,11.11,27,-0.3017550976747493,0.122,Not Significant
E02000502,Hillingdon 009,6.25,32,0.21700859531987196,0.217,Not Significant
E02000503,Hillingdon 010,0.0,4,-0.2435917272128607,0.498,Not Significant
E02000504,Hillingdon 011,12.0,25,0.9144715909835852,0.047,Hot Spot
E02000506,Hillingdon 013,5.56,18,0.8739613136618839,0.016,Hot Spot
E02000507,Hillingdon 014,18.75,16,0.447748808402233,0.223,Not Significant
E02000508,Hillingdon 015,7.29,96,0.2979398640875657,0.225,Not Significant
E02000509,Hillingdon 016,9.9,101,0.3571236445575575,0.285,Not Significant
E02000510,Hillingdon 017,9.52,42,0.5811036413362343,0.078,Not Significant
E02000511,Hillingdon 018,6.67,30,0.7892672829893096,0.017,Hot Spot
E02000512,Hillingdon 019,10.34,29,0.8905429762935629,0.024,Hot Spot
E02000513,Hillingdon 020,17.39,23,0.6438588568345881,0.106,Not Significant
E02000514,Hillingdon 021,12.12,66,1.1137576655661623,0.01,Hot Spot
E02000515,Hillingdon 022,8.33,60,0.7974305630541358,0.029,Hot Spot
E02000516,Hillingdon 023,16.67,12,1.089076498495163,0.005,Hot Spot
E02000517,Hillingdon 024,16.67,12,0.8112060981635304,0.069,Not Significant
E02000518,Hillingdon 025,10.0,20,1.1818700336070578,0.002,Hot Spot
E02000519,Hillingdon 026,14.81,27,1.693860755172894,0.001,Hot Spot
E02000520,Hillingdon 027,13.04,161,1.5504421285339736,0.001,Hot Spot
E02000521,Hillingdon 028,20.0,15,1.1144136434285137,0.02,Hot Spot
E02000522,Hillingdon 029,23.26,43,1.06998207621853,0.08,Not Significant
E02000523,Hillingdon 030,16.98,53,0.7904917749990333,0.106,Not Significant
E02000524,Hillingdon 031,4.23,189,0.43671562518961593,0.09,Not Significant
E02000525,Hillingdon 032,6.67,30,0.10202114253173045,0.336,Not Significant
E02000526,Hounslow 001,1.85,54,-0.09127366757469639,0.435,Not Significant
E02000529,Hounslow 004,4.17,24,0.8712402203069418,0.005,Hot Spot
E02000530,Hounslow 005,0.0,33,0.41082272123399427,0.061,Not Significant
E02000531,Hounslow 006,4.0,75,0.001219211016953647,0.379,Not Significant
E02000532,Hounslow 007,0.0,24,-0.4988983112403087,0.257,Not Significant
E02000533,Hounslow 008,10.53,19,-0.15206094948599386,0.268,Not Significant
E02000534,Hounslow 009,0.0,32,0.6061036865347652,0.018,Hot Spot
E02000535,Hounslow 010,0.0,12,-0.5019158094071283,0.153,Not Significant
E02000536,Hounslow 011,6.25,32,-0.42833695917996495,0.125,Not Significant
E02000537,Hounslow 012,5.88,34,-0.38114299630518694,0.173,Not Significant
E02000538,Hounslow 013,0.0,41,-0.329803617772489,0.299,Not Significant
E02000539,Hounslow 014,6.06,33,-0.641092445869505,0.023,Cold Spot
E02000540,Hounslow 015,1.85,108,-0.49236768718844776,0.163,Not Significant
E02000541,Hounslow 016,9.84,61,-0.226142716074294,0.243,Not Significant
E02000542,Hounslow 017,0.0,49,-0.08573429895927882,0.375,Not Significant
E02000543,Hounslow 018,3.95,177,-0.25444208696569254,0.26,Not Significant
E02000544,Hounslow 019,0.0,13,-0.4013325371798021,0.255,Not Significant
E02000545,Hounslow 020,0.0,27,-0.33598985344661547,0.362,Not Significant
E02000546,Hounslow 021,13.64,22,-0.14528251157502164,0.216,Not Significant
E02000547,Hounslow 022,0.0,27,-0.526186990314157,0.128,Not Significant
E02000548,Hounslow 023,0.0,29,-0.6241026192345848,0.15,Not Significant
E02000549,Hounslow 024,2.0,50,-0.252890213411702,0.34,Not Significant
E02000550,Hounslow 025,6.25,48,-0.6923680487766961,0.016,Cold Spot
E02000551,Hounslow 026,7.14,28,-0.5207205081278894,0.051,Not Significant
E02000552,Hounslow 027,0.0,31,-0.552316775164517,0.149,Not Significant
E02000553,Hounslow 028,0.0,18,-0.5221636594250642,0.242,Not Significant
E02000554,Islington 001,3.03,33,-0.37859197128492844,0.281,Not Significant
E02000555,Islington 002,3.45,29,-0.3538470285884234,0.253,Not Significant
E02000556,Islington 003,7.76,116,-0.1989998098587461,0.252,Not Significant
E02000557,Islington 004,6.49,77,-0.06809578310492127,0.474,Not Significant
E02000558,Islington 005,5.71,70,0.10355175754388514,0.308,Not Significant
E02000559,Islington 006,2.5,80,0.1824877603135914,0.188,Not Significant
E02000560,Islington 007,13.16,114,0.3788073572297529,0.255,Not Significant
E02000561,Islington 008,0.0,13,0.18445569390064784,0.151,Not Significant
E02000562,Islington 009,9.52,21,-0.26628309476805806,0.164,Not Significant
E02000563,Islington 010,13.04,23,0.4590917589387386,0.155,Not Significant
E02000564,Islington 011,12.22,90,0.49604517851790836,0.129,Not Significant
E02000565,Islington 012,2.38,42,-0.3260408558676082,0.298,Not Significant
E02000566,Islington 013,8.16,98,0.22447034350412762,0.248,Not Significant
E02000567,Islington 014,5.0,40,-0.1750201746683182,0.338,Not Significant
E02000568,Islington 015,11.11,81,0.48331434889300035,0.102,Not Significant
E02000569,Islington 016,4.55,66,0.041051644547557595,0.361,Not Significant
E02000570,Islington 017,8.06,62,0.25916428377963985,0.244,Not Significant
E02000571,Islington 018,6.38,47,-0.12527518677328203,0.427,Not Significant
E02000572,Islington 019,8.82,34,0.2724296138849828,0.248,Not Significant
E02000573,Islington 020,6.5,200,-0.022128741787505787,0.5,Not Significant
E02000574,Islington 021,5.34,131,0.18824578821645996,0.248,Not Significant
E02000575,Islington 022,4.53,243,0.10836226186780108,0.296,Not Significant
E02000576,Islington 023,6.63,166,-0.2672943939725173,0.246,Not Significant
E02000577,Kensington and Chelsea 001,4.48,67,0.002361098406973694,0.42,Not Significant
E02000578,Kensington and Chelsea 002,0.0,14,-0.6305312022856356,0.144,Not Significant
E02000579,Kensington and Chelsea 003,0.0,27,-0.768388594380393,0.03,Cold Spot
E02000580,Kensington and Chelsea 004,0.84,119,-0.5753610345141834,0.048,Cold Spot
E02000581,Kensington and Chelsea 005,0.0,19,-0.768388594380393,0.03,Cold Spot
E02000582,Kensington and Chelsea 006,2.2,91,-0.3612450011471723,0.273,Not Significant
E02000583,Kensington and Chelsea 007,0.0,77,-0.8119473466013027,0.007,Cold Spot
E02000584,Kensington and Chelsea 008,2.78,108,-0.47329877516201696,0.109,Not Significant
E02000585,Kensington and Chelsea 009,0.0,24,-0.8265519648422813,0.005,Cold Spot
E02000586,Kensington and Chelsea 010,2.11,95,-0.657419005999158,0.059,Not Significant
E02000587,Kensington and Chelsea 011,1.3,77,-0.7870110770282783,0.015,Cold Spot
E02000588,Kensington and Chelsea 012,0.64,157,-0.7211436110052094,0.072,Not Significant
E02000589,Kensington and Chelsea 013,0.0,82,-0.8579295725914583,0.008,Cold Spot
E02000590,Kensington and Chelsea 014,0.0,112,-0.8766540962401539,0.015,Cold Spot
E02000591,Kensington and Chelsea 015,0.0,46,-0.878228443109799,0.002,Cold Spot
E02000592,Kensington and Chelsea 016,0.0,107,-0.8117560197247834,0.005,Cold Spot
E02000593,Kensington and Chelsea 017,0.0,49,-0.8377764749314177,0.006,Cold Spot
E02000594,Kensington and Chelsea 018,1.59,63,-0.4752393763381419,0.149,Not Significant
E02000595,Kensington and Chelsea 019,0.0,88,-0.904358227960159,0.004,Cold Spot
E02000596,Kensington and Chelsea 020,0.0,59,-0.8025723296518535,0.01,Cold Spot
E02000597,Kensington and Chelsea 021,0.0,34,-0.8956337223908754,0.011,Cold Spot
E02000598,Kingston upon Thames 001,0.0,6,-0.5262963199578826,0.17,Not Significant
E02000599,Kingston upon Thames 002,0.0,14,-0.1806324297128866,0.425,Not Significant
E02000600,Kingston upon Thames 003,6.06,33,-0.32130323797284255,0.202,Not Significant
E02000601,Kingston upon Thames 004,0.0,36,-0.3844593288315226,0.301,Not Significant
E02000602,Kingston upon Thames 005,5.88,51,0.006357704272044786,0.438,Not Significant
E02000603,Kingston upon Thames 006,13.64,22,0.21528665343119754,0.421,Not Significant
E02000604,Kingston upon Thames 007,8.79,91,-0.44230382116587885,0.05,Not Significant
E02000605,Kingston upon Thames 008,10.81,37,0.12651098272620973,0.411,Not Significant
E02000606,Kingston upon Thames 009,2.62,229,-0.22640510721923476,0.382,Not Significant
E02000607,Kingston upon Thames 010,9.09,11,-0.11781343858902667,0.327,Not Significant
E02000608,Kingston upon Thames 011,1.19,84,-0.34583681002481226,0.385,Not Significant
E02000609,Kingston upon Thames 012,6.67,15,-0.20282634738913352,0.321,Not Significant
E02000610,Kingston upon Thames 013,0.0,29,-0.22216311704269107,0.469,Not Significant
E02000611,Kingston upon Thames 014,0.0,9,-0.01080704979283554,0.302,Not Significant
E02000612,Kingston upon Thames 015,0.0,8,-0.32246942083924657,0.38,Not Significant
E02000613,Kingston upon Thames 016,13.33,30,-0.14440787442521888,0.206,Not Significant
E02000614,Kingston upon Thames 017,2.82,71,0.13722528781129475,0.231,Not Significant
E02000615,Kingston upon Thames 018,10.0,40,0.3658991706272464,0.233,Not Significant
E02000616,Kingston upon Thames 019,16.67,6,0.18352639192898212,0.367,Not Significant
E02000617,Kingston upon Thames 020,0.0,54,0.4157972200234981,0.073,Not Significant
E02000619,Lambeth 002,13.16,38,-0.27573464246811485,0.103,Not Significant
E02000620,Lambeth 003,6.59,91,-0.12359151025991133,0.432,Not Significant
E02000621,Lambeth 004,5.56,108,-0.05016572153396318,0.484,Not Significant
E02000622,Lambeth 005,1.52,66,0.046919002094151604,0.311,Not Significant
E02000623,Lambeth 006,17.65,17,0.0729394573007858,0.289,Not Significant
E02000624,Lambeth 007,4.35,23,0.49014137775673927,0.073,Not Significant
E02000625,Lambeth 008,4.17,48,0.40114704776430066,0.106,Not Significant
E02000626,Lambeth 009,12.5,24,-0.04469923934769549,0.35,Not Significant
E02000627,Lambeth 010,13.79,29,0.3196235767597612,0.314,Not Significant
E02000628,Lambeth 011,11.65,206,0.2675462231319175,0.289,Not Significant
E02000629,Lambeth 012,10.61,66,0.1711174773661547,0.364,Not Significant
E02000630,Lambeth 013,5.26,57,-0.3309242466206739,0.207,Not Significant
E02000631,Lambeth 014,2.44,41,-0.30402915426423655,0.302,Not Significant
E02000632,Lambeth 015,5.0,40,0.48008305053400624,0.064,Not Significant
E02000633,Lambeth 016,6.52,46,0.2520214137229169,0.239,Not Significant
E02000634,Lambeth 017,6.78,59,-0.23956110768085265,0.28,Not Significant
E02000635,Lambeth 018,1.64,61,0.0202182735487816,0.34,Not Significant
E02000636,Lambeth 019,0.0,34,-0.6678782085822168,0.034,Cold Spot
E02000637,Lambeth 020,14.29,42,0.14181713284775932,0.491,Not Significant
E02000638,Lambeth 021,15.15,33,0.10936809459007411,0.407,Not Significant
E02000639,Lambeth 022,0.0,5,-0.3841404507039903,0.225,Not Significant
E02000640,Lambeth 023,0.0,16,-0.872062251203689,0.014,Cold Spot
E02000641,Lambeth 024,0.0,6,-0.04243064924039443,0.366,Not Significant
E02000642,Lambeth 025,5.71,35,-0.3569447018273082,0.172,Not Significant
E02000643,Lambeth 026,2.38,42,-0.6379218862014696,0.039,Cold Spot
E02000644,Lambeth 027,8.0,25,-0.29287753060425054,0.16,Not Significant
E02000645,Lambeth 028,3.66,82,-0.2874110484179826,0.291,Not Significant
E02000646,Lambeth 029,3.66,82,-0.18848958677528188,0.456,Not Significant
E02000647,Lambeth 030,0.0,9,-0.3752756387585928,0.314,Not Significant
E02000648,Lambeth 031,0.0,9,-0.5015513772613774,0.189,Not Significant
E02000649,Lambeth 032,10.67,75,-0.3900715838760907,0.058,Not Significant
E02000650,Lambeth 033,6.82,44,-0.14309591870051455,0.375,Not Significant
E02000651,Lambeth 034,0.0,32,-0.23509681389540057,0.4,Not Significant
E02000652,Lambeth 035,6.67,15,-0.11207363229344526,0.395,Not Significant
E02000653,Lewisham 001,0.0,23,-0.5380310350510706,0.158,Not Significant
E02000654,Lewisham 002,10.71,56,-0.3161428787890058,0.126,Not Significant
E02000655,Lewisham 003,2.08,48,-0.39026291075261016,0.18,Not Significant
E02000657,Lewisham 005,9.68,62,-0.2877754805637341,0.165,Not Significant
E02000658,Lewisham 006,0.0,27,-0.5056330172937906,0.118,Not Significant
E02000659,Lewisham 007,0.0,14,-0.400326704457529,0.365,Not Significant
E02000660,Lewisham 008,8.33,24,-0.25679874817488335,0.218,Not Significant
E02000661,Lewisham 009,3.57,56,-0.551114149083538,0.062,Not Significant
E02000662,Lewisham 010,0.0,18,-0.2858804334058277,0.382,Not Significant
E02000663,Lewisham 011,4.35,23,0.05855167618652954,0.337,Not Significant
E02000665,Lewisham 013,3.45,29,-0.4217042941272934,0.187,Not Significant
E02000666,Lewisham 014,5.88,34,0.007778989640474835,0.435,Not Significant
E02000667,Lewisham 015,6.25,32,-0.39466342891255574,0.149,Not Significant
E02000668,Lewisham 016,0.0,16,-0.8148172497490932,0.007,Cold Spot
E02000669,Lewisham 017,2.5,40,-0.3767212196034058,0.162,Not Significant
E02000670,Lewisham 018,8.7,23,-0.36420419017067185,0.145,Not Significant
E02000671,Lewisham 019,1.67,60,-0.5446637001037422,0.125,Not Significant
E02000672,Lewisham 020,7.77,103,-0.17303037515251674,0.267,Not Significant
E02000673,Lewisham 021,0.0,43,-0.34587507540011614,0.279,Not Significant
E02000674,Lewisham 022,0.0,13,-0.4273165491718616,0.279,Not Significant
E02000675,Lewisham 023,0.0,24,-0.7231716758963148,0.017,Cold Spot
E02000676,Lewisham 024,0.0,11,-0.0836934789430721,0.377,Not Significant
E02000677,Lewisham 025,0.0,28,-0.1227241617530237,0.408,Not Significant
E02000678,Lewisham 026,0.0,6,-0.6196638356993355,0.047,Cold Spot
E02000679,Lewisham 027,17.65,17,-0.20913102351062887,0.083,Not Significant
E02000680,Lewisham 028,3.33,30,-0.12267314125261852,0.474,Not Significant
E02000681,Lewisham 029,6.67,30,-0.04223932236387519,0.482,Not Significant
E02000682,Lewisham 030,9.09,11,-0.5398805281907578,0.019,Cold Spot
E02000683,Lewisham 031,9.09,11,-0.5788474353752031,0.018,Cold Spot
E02000685,Lewisham 033,0.0,24,0.1119701401107373,0.215,Not Significant
E02000686,Lewisham 034,0.0,8,-0.43199342837566845,0.15,Not Significant
E02000687,Lewisham 035,6.0,50,-0.029174429938695155,0.475,Not Significant
E02000689,Merton 001,2.13,47,-0.7136435974456502,0.003,Cold Spot
E02000690,Merton 002,0.0,25,-0.7675868436597401,0.013,Cold Spot
E02000691,Merton 003,1.19,84,-0.4663472319818132,0.202,Not Significant
E02000692,Merton 004,3.28,61,-0.766930865797388,0.005,Cold Spot
E02000693,Merton 005,3.12,64,-0.5090769010711392,0.067,Not Significant
E02000694,Merton 006,7.5,40,-0.5362453175368899,0.057,Not Significant
E02000695,Merton 007,4.17,24,-0.34319649912884487,0.194,Not Significant
E02000696,Merton 008,0.0,21,-0.26663841611016526,0.411,Not Significant
E02000697,Merton 009,1.54,65,-0.6146893369098317,0.037,Cold Spot
E02000698,Merton 010,0.0,11,-0.6809977658292593,0.042,Cold Spot
E02000699,Merton 011,0.0,20,-0.8219601198058166,0.013,Cold Spot
E02000700,Merton 012,0.0,16,-0.4998506939145385,0.095,Not Significant
E02000701,Merton 013,8.33,36,-0.18216304472504155,0.305,Not Significant
E02000702,Merton 014,7.14,14,-0.2745101504583908,0.239,Not Significant
E02000703,Merton 015,0.0,21,-0.8292487627208401,0.006,Cold Spot
E02000704,Merton 016,0.0,57,-0.7527180121130919,0.018,Cold Spot
E02000705,Merton 017,4.35,23,-0.06665263180774669,0.451,Not Significant
E02000706,Merton 018,10.26,39,-0.3758368642630495,0.101,Not Significant
E02000707,Merton 019,0.0,12,-0.15110431510339686,0.495,Not Significant
E02000708,Merton 020,0.0,29,-0.6188985281932577,0.069,Not Significant
E02000709,Merton 021,0.0,5,-0.8629222929882493,0.004,Cold Spot
E02000710,Merton 022,0.0,33,-0.30879592673066203,0.251,Not Significant
E02000711,Merton 023,3.75,80,-0.8292487627208401,0.002,Cold Spot
E02000712,Merton 024,0.0,20,-0.30741837321972265,0.318,Not Significant
E02000713,Merton 025,0.0,20,-0.5808518121768343,0.086,Not Significant
E02000714,Newham 001,14.29,42,1.2300844064899392,0.007,Hot Spot
E02000715,Newham 002,17.65,17,1.9752388149073807,0.001,Hot Spot
E02000716,Newham 003,17.86,28,1.7028257859583726,0.001,Hot Spot
E02000717,Newham 004,24.66,73,2.8362097592445483,0.001,Hot Spot
E02000718,Newham 005,25.0,12,2.926880477107443,0.001,Hot Spot
E02000719,Newham 006,22.73,22,1.0492531757682027,0.031,Hot Spot
E02000720,Newham 007,25.0,36,1.8283362169550799,0.001,Hot Spot
E02000721,Newham 008,14.15,106,2.0026623338751572,0.001,Hot Spot
E02000722,Newham 009,14.29,14,1.37064588510617,0.004,Hot Spot
E02000723,Newham 010,34.48,58,3.419118976373564,0.001,Hot Spot
E02000724,Newham 011,28.57,21,3.137804692264582,0.001,Hot Spot
E02000725,Newham 012,12.1,157,0.9770227244803182,0.02,Hot Spot
E02000727,Newham 014,26.96,115,2.8746209074067233,0.001,Hot Spot
E02000728,Newham 015,37.5,8,2.4650356187969695,0.001,Hot Spot
E02000729,Newham 016,12.5,8,2.1604796745927075,0.001,Hot Spot
E02000730,Newham 017,24.14,58,2.719883018320772,0.001,Hot Spot
E02000731,Newham 018,20.86,139,2.5705630204683194,0.001,Hot Spot
E02000732,Newham 019,35.0,20,2.8402913992769623,0.001,Hot Spot
E02000733,Newham 020,15.0,20,1.0577808879787804,0.013,Hot Spot
E02000734,Newham 021,31.03,29,1.8469222563883896,0.004,Hot Spot
E02000735,Newham 022,30.91,55,2.4798315639144675,0.001,Hot Spot
E02000736,Newham 023,0.0,19,1.2624186486217128,0.001,Hot Spot
E02000737,Newham 024,16.67,30,1.1146760345734545,0.044,Hot Spot
E02000738,Newham 025,6.67,30,2.3773896877438108,0.001,Hot Spot
E02000739,Newham 026,20.0,30,1.8482342121130948,0.001,Hot Spot
E02000740,Newham 027,0.0,25,0.9202199006959004,0.004,Hot Spot
E02000741,Newham 028,18.75,32,1.946922437182514,0.002,Hot Spot
E02000742,Newham 029,23.08,13,0.9788722176200058,0.034,Hot Spot
E02000743,Newham 030,13.1,84,0.8728388626529702,0.062,Not Significant
E02000744,Newham 031,13.95,43,1.4156714767137284,0.002,Hot Spot
E02000745,Newham 032,20.0,5,1.1119719480519812,0.028,Hot Spot
E02000746,Newham 033,1.43,70,0.9076348439292935,0.011,Hot Spot
E02000747,Newham 034,12.33,73,0.006467033915770474,0.41,Not Significant
E02000748,Newham 035,20.0,10,0.6380425197883987,0.269,Not Significant
E02000749,Newham 036,2.17,46,0.7719931992807035,0.016,Hot Spot
E02000751,Redbridge 001,2.17,46,-0.13303759147778188,0.494,Not Significant
E02000752,Redbridge 002,6.06,33,-0.08165265892686548,0.468,Not Significant
E02000753,Redbridge 003,0.0,2,-0.06889753382557412,0.235,Not Significant
E02000754,Redbridge 004,9.52,21,-0.131014993068863,0.311,Not Significant
E02000755,Redbridge 005,4.17,24,-0.02012193543823586,0.408,Not Significant
E02000756,Redbridge 006,11.11,54,0.007888319284200111,0.438,Not Significant
E02000757,Redbridge 007,4.11,73,-0.054101588708075854,0.466,Not Significant
E02000758,Redbridge 008,0.0,4,-0.004101498311013981,0.302,Not Significant
E02000759,Redbridge 009,5.41,37,-0.23845566350540745,0.251,Not Significant
E02000760,Redbridge 010,4.65,43,0.17293963809491017,0.256,Not Significant
E02000762,Redbridge 012,9.38,32,0.5466648035627474,0.104,Not Significant
E02000763,Redbridge 013,16.67,18,0.1462176510077049,0.478,Not Significant
E02000764,Redbridge 014,4.62,65,-0.011244368367736856,0.445,Not Significant
E02000765,Redbridge 015,14.0,50,1.2380436045531449,0.016,Hot Spot
E02000767,Redbridge 017,7.14,14,0.9344843822675117,0.008,Hot Spot
E02000768,Redbridge 018,0.0,6,-0.01474291696694821,0.314,Not Significant
E02000770,Redbridge 020,6.25,16,0.9981962321484621,0.004,Hot Spot
E02000772,Redbridge 022,9.8,51,0.345170270176919,0.203,Not Significant
E02000773,Redbridge 023,29.03,31,0.9926204203184692,0.084,Not Significant
E02000774,Redbridge 024,8.51,47,0.41082272123399427,0.208,Not Significant
E02000776,Redbridge 026,7.14,28,1.154165901887053,0.011,Hot Spot
E02000777,Redbridge 027,0.0,6,0.6632466469885504,0.015,Hot Spot
E02000779,Redbridge 029,7.35,68,0.9109511764556287,0.011,Hot Spot
E02000781,Redbridge 031,10.0,20,1.0953902854203021,0.008,Hot Spot
E02000782,Redbridge 032,21.95,82,1.360760663152669,0.004,Hot Spot
E02000783,Redbridge 033,11.11,18,1.4782626977464943,0.002,Hot Spot
E02000784,Richmond upon Thames 001,1.82,55,-0.41481652657259593,0.425,Not Significant
E02000785,Richmond upon Thames 002,5.71,70,-0.327699022130776,0.259,Not Significant
E02000786,Richmond upon Thames 003,8.57,35,-0.4201372359005631,0.073,Not Significant
E02000787,Richmond upon Thames 004,5.56,18,-0.19675490784091856,0.386,Not Significant
E02000788,Richmond upon Thames 005,4.6,87,-0.3921124038922974,0.184,Not Significant
E02000789,Richmond upon Thames 006,0.0,31,-0.34109190348713203,0.36,Not Significant
E02000790,Richmond upon Thames 007,2.7,37,-0.4164746928357639,0.281,Not Significant
E02000791,Richmond upon Thames 008,4.86,144,-0.4279543054269261,0.214,Not Significant
E02000792,Richmond upon Thames 009,0.0,29,-0.29861733689983155,0.492,Not Significant
E02000793,Richmond upon Thames 010,1.89,53,-0.2074692129260034,0.49,Not Significant
E02000794,Richmond upon Thames 011,11.11,18,-0.4510410818602635,0.025,Cold Spot
E02000795,Richmond upon Thames 012,2.94,34,-0.6210413892102747,0.012,Cold Spot
E02000796,Richmond upon Thames 013,7.14,28,0.011523529938068166,0.47,Not Significant
E02000797,Richmond upon Thames 014,3.08,130,-0.28185710251673474,0.373,Not Significant
E02000798,Richmond upon Thames 015,3.12,32,-0.33369393092838284,0.194,Not Significant
E02000799,Richmond upon Thames 016,4.35,23,-0.5412198163263934,0.135,Not Significant
E02000800,Richmond upon Thames 017,0.0,11,-0.5488728913871683,0.257,Not Significant
E02000801,Richmond upon Thames 018,0.0,25,-0.4620104894473741,0.236,Not Significant
E02000802,Richmond upon Thames 019,0.0,37,-0.5918576629785203,0.122,Not Significant
E02000803,Richmond upon Thames 020,0.0,10,-0.5130309898525396,0.185,Not Significant
E02000804,Richmond upon Thames 021,4.05,74,-0.3899185223748752,0.248,Not Significant
E02000805,Richmond upon Thames 022,7.41,27,-0.5479162570045715,0.021,Cold Spot
E02000806,Richmond upon Thames 023,6.67,45,-0.5251483586987664,0.037,Cold Spot
E02000807,Southwark 001,12.5,8,-0.145938489437374,0.176,Not Significant
E02000808,Southwark 002,2.23,493,-0.7630314418378505,0.013,Cold Spot
E02000810,Southwark 004,7.69,65,-0.5259136662048438,0.029,Cold Spot
E02000812,Southwark 006,0.73,137,-0.5025717872694805,0.107,Not Significant
E02000813,Southwark 007,3.16,95,-0.34925518355195845,0.276,Not Significant
E02000814,Southwark 008,0.0,28,-0.34568374852359673,0.448,Not Significant
E02000815,Southwark 009,1.33,75,-0.7740008494249611,0.018,Cold Spot
E02000816,Southwark 010,1.59,63,-0.1839487622392224,0.478,Not Significant
E02000817,Southwark 011,0.0,29,-0.5180965966784807,0.14,Not Significant
E02000818,Southwark 012,2.41,83,-0.21806872188517676,0.363,Not Significant
E02000819,Southwark 013,8.0,25,-0.23139782761602626,0.269,Not Significant
E02000820,Southwark 014,0.0,47,-0.4074823296393533,0.215,Not Significant
E02000821,Southwark 015,7.55,53,-0.082527296076668,0.43,Not Significant
E02000822,Southwark 016,14.89,47,-0.08991797999250215,0.215,Not Significant
E02000823,Southwark 017,3.08,65,-0.1411553175243897,0.438,Not Significant
E02000824,Southwark 018,5.0,100,-0.3577373417443171,0.173,Not Significant
E02000825,Southwark 019,0.0,8,0.13943617616218484,0.207,Not Significant
E02000826,Southwark 020,13.04,23,-0.12297926425504943,0.235,Not Significant
E02000827,Southwark 021,7.07,99,0.0020938481667562804,0.473,Not Significant
E02000828,Southwark 022,11.02,118,-0.30741837321972276,0.117,Not Significant
E02000829,Southwark 023,3.45,29,-0.39517363391660737,0.21,Not Significant
E02000830,Southwark 024,3.66,82,-0.2995739712824286,0.254,Not Significant
E02000831,Southwark 025,5.52,163,-0.3785919712849286,0.173,Not Significant
E02000832,Southwark 026,0.0,35,-0.46408775267815583,0.197,Not Significant
E02000833,Southwark 027,0.0,10,-0.6872659987361798,0.055,Not Significant
E02000834,Southwark 028,2.0,50,-0.677827206161224,0.017,Cold Spot
E02000835,Southwark 029,0.0,11,-0.7289327407337314,0.008,Cold Spot
E02000836,Southwark 030,0.0,66,-0.7373681301340521,0.067,Not Significant
E02000837,Southwark 031,2.0,50,-0.5536560633001525,0.053,Not Significant
E02000838,Southwark 032,2.78,36,-0.6680968678696673,0.023,Cold Spot
E02000839,Southwark 033,5.88,17,-0.35180620857221645,0.122,Not Significant
E02000840,Sutton 001,9.52,21,-0.47261546488873335,0.042,Cold Spot
E02000841,Sutton 002,9.52,42,-0.02042805844066697,0.447,Not Significant
E02000842,Sutton 003,10.53,38,-0.28656374367911136,0.136,Not Significant
E02000843,Sutton 004,0.0,32,-0.3342041359324346,0.366,Not Significant
E02000844,Sutton 005,0.0,27,-0.21459750569689645,0.461,Not Significant
E02000845,Sutton 006,6.12,49,-0.7575722482944977,0.001,Cold Spot
E02000846,Sutton 007,6.67,15,-0.23908734589137592,0.277,Not Significant
E02000847,Sutton 008,0.0,24,-0.28139791801308833,0.427,Not Significant
E02000848,Sutton 009,7.69,39,-0.3360408739470204,0.193,Not Significant
E02000849,Sutton 010,4.17,24,-0.3060408197087831,0.314,Not Significant
E02000850,Sutton 011,2.56,39,-0.18943346603277741,0.327,Not Significant
E02000851,Sutton 012,5.56,126,-0.5093502251804525,0.063,Not Significant
E02000852,Sutton 013,0.0,20,-0.33512250493972745,0.409,Not Significant
E02000853,Sutton 014,0.0,10,-0.2425858944905873,0.434,Not Significant
E02000854,Sutton 015,7.69,52,-0.5206330444129091,0.021,Cold Spot
E02000855,Sutton 016,1.67,60,-0.3416021084911836,0.316,Not Significant
E02000856,Sutton 017,6.45,62,-0.1942621919639805,0.33,Not Significant
E02000857,Sutton 018,0.0,20,-0.39593894142268493,0.309,Not Significant
E02000858,Sutton 019,5.13,39,-0.25706113931982427,0.334,Not Significant
E02000859,Sutton 020,0.0,26,-0.139203783383892,0.396,Not Significant
E02000860,Sutton 021,0.0,5,-0.14415277192319315,0.447,Not Significant
E02000861,Sutton 022,3.85,26,-0.07348937886203898,0.467,Not Significant
E02000863,Sutton 024,8.33,12,-0.2967891023019799,0.138,Not Significant
E02000864,Tower Hamlets 001,3.3,91,-0.32502044585950457,0.273,Not Significant
E02000865,Tower Hamlets 002,2.5,80,-0.08292817143699464,0.446,Not Significant
E02000866,Tower Hamlets 003,1.39,72,-0.047596474906417496,0.415,Not Significant
E02000867,Tower Hamlets 004,0.0,38,-0.27910199549485576,0.386,Not Significant
E02000868,Tower Hamlets 005,5.0,60,-0.019237580097879854,0.475,Not Significant
E02000869,Tower Hamlets 006,5.26,57,-0.30818368072580016,0.286,Not Significant
E02000870,Tower Hamlets 007,5.56,36,-0.09971391607029396,0.487,Not Significant
E02000871,Tower Hamlets 008,11.54,26,-0.48037786959323375,0.022,Cold Spot
E02000872,Tower Hamlets 009,7.07,99,-0.0025708832988590646,0.48,Not Significant
E02000873,Tower Hamlets 010,7.14,42,0.1414344790947206,0.324,Not Significant
E02000874,Tower Hamlets 011,7.41,27,0.27064389637080205,0.235,Not Significant
E02000875,Tower Hamlets 012,0.0,59,-0.38318381632139337,0.283,Not Significant
E02000876,Tower Hamlets 013,9.43,106,0.33401864651693286,0.208,Not Significant
E02000877,Tower Hamlets 014,7.55,53,-0.11855748755326838,0.354,Not Significant
E02000878,Tower Hamlets 015,6.71,343,0.1853303310504507,0.276,Not Significant
E02000879,Tower Hamlets 016,13.11,61,0.25412600936462987,0.328,Not Significant
E02000880,Tower Hamlets 017,9.76,41,0.3594195670757901,0.214,Not Significant
E02000881,Tower Hamlets 018,0.0,19,-0.26445182323565825,0.404,Not Significant
E02000882,Tower Hamlets 019,12.12,33,0.5196239383480097,0.15,Not Significant
E02000883,Tower Hamlets 020,2.9,69,-0.4166386873013518,0.188,Not Significant
E02000884,Tower Hamlets 021,12.12,165,-0.1357343893563409,0.259,Not Significant
E02000885,Tower Hamlets 022,0.0,38,0.04207205455566081,0.271,Not Significant
E02000886,Tower Hamlets 023,13.79,29,0.16452125552805782,0.484,Not Significant
E02000887,Tower Hamlets 024,3.7,27,-0.15271692734834577,0.441,Not Significant
E02000888,Tower Hamlets 025,3.7,54,0.14531568144697088,0.257,Not Significant
E02000889,Tower Hamlets 026,0.0,30,-0.2793570979968818,0.427,Not Significant
E02000890,Tower Hamlets 027,7.14,56,-0.410352232787144,0.158,Not Significant
E02000893,Tower Hamlets 030,5.56,18,0.4147768100153947,0.147,Not Significant
E02000894,Tower Hamlets 031,15.38,13,0.22791422728147614,0.443,Not Significant
E02000895,Waltham Forest 001,0.0,15,0.24021381220057877,0.134,Not Significant
E02000896,Waltham Forest 002,1.75,57,-0.5466534996195435,0.177,Not Significant
E02000897,Waltham Forest 003,9.09,11,-0.3911430143845992,0.11,Not Significant
E02000898,Waltham Forest 004,0.0,4,-0.21175493496003717,0.461,Not Significant
E02000899,Waltham Forest 005,12.05,83,-0.1785187232675294,0.227,Not Significant
E02000900,Waltham Forest 006,0.0,21,0.4946238931494785,0.056,Not Significant
E02000901,Waltham Forest 007,5.08,59,-0.07793545104020326,0.491,Not Significant
E02000902,Waltham Forest 008,5.56,18,0.4110140481105138,0.098,Not Significant
E02000903,Waltham Forest 009,15.79,19,0.7414355638594666,0.057,Not Significant
E02000904,Waltham Forest 010,13.64,22,0.48401891770811983,0.166,Not Significant
E02000905,Waltham Forest 011,18.75,64,1.3496637043145452,0.003,Hot Spot
E02000906,Waltham Forest 012,23.33,30,1.6669219309589656,0.01,Hot Spot
E02000907,Waltham Forest 013,12.5,56,1.012124828759072,0.039,Hot Spot
E02000908,Waltham Forest 014,10.42,48,0.9174562902572871,0.015,Hot Spot
E02000909,Waltham Forest 015,5.71,35,0.7627366227786232,0.012,Hot Spot
E02000910,Waltham Forest 016,13.33,60,1.5904349122087083,0.002,Hot Spot
E02000911,Waltham Forest 017,17.03,182,1.9538102047372115,0.001,Hot Spot
E02000912,Waltham Forest 018,30.77,13,1.1804089920045462,0.004,Hot Spot
E02000913,Waltham Forest 019,15.0,40,1.0907984403838373,0.037,Hot Spot
E02000914,Waltham Forest 020,17.86,112,1.6867816607416766,0.001,Hot Spot
E02000915,Waltham Forest 021,13.64,22,0.7391943061630971,0.06,Not Significant
E02000916,Waltham Forest 022,20.0,80,1.543605381479681,0.005,Hot Spot
E02000917,Waltham Forest 023,14.29,42,1.5022787761514969,0.003,Hot Spot
E02000918,Waltham Forest 024,9.21,76,0.29985313285275944,0.209,Not Significant
E02000919,Waltham Forest 025,14.55,55,1.2548293491864444,0.009,Hot Spot
E02000920,Waltham Forest 026,20.59,68,0.8542333868385531,0.037,Hot Spot
E02000921,Waltham Forest 027,13.95,43,0.8902878737915371,0.045,Hot Spot
E02000922,Waltham Forest 028,9.09,44,0.66922333417887,0.051,Not Significant
E02000923,Wandsworth 001,0.0,47,-0.38073483230194544,0.363,Not Significant
E02000925,Wandsworth 003,6.67,30,-0.41813285909893183,0.118,Not Significant
E02000926,Wandsworth 004,6.33,79,-0.41481652657259604,0.126,Not Significant
E02000927,Wandsworth 005,0.0,40,-0.4454288268156954,0.253,Not Significant
E02000928,Wandsworth 006,0.0,50,-0.521245290417771,0.238,Not Significant
E02000929,Wandsworth 007,5.56,18,-0.47104111801908827,0.136,Not Significant
E02000930,Wandsworth 008,2.22,135,-0.5211304942918595,0.071,Not Significant
E02000931,Wandsworth 009,0.0,21,-0.7551232642750497,0.013,Cold Spot
E02000932,Wandsworth 010,0.0,159,-0.5712793944817701,0.055,Not Significant
E02000933,Wandsworth 011,3.45,29,-0.6820910622665127,0.018,Cold Spot
E02000934,Wandsworth 012,1.37,73,-0.5205018488404387,0.113,Not Significant
E02000935,Wandsworth 013,0.0,12,-0.4581839519169865,0.206,Not Significant
E02000936,Wandsworth 014,0.0,14,-0.8104440640000791,0.006,Cold Spot
E02000937,Wandsworth 015,0.0,18,-0.6976401671518967,0.012,Cold Spot
E02000938,Wandsworth 016,0.0,9,-0.7566538792872046,0.064,Not Significant
E02000939,Wandsworth 017,0.0,5,-0.8515520100408124,0.046,Cold Spot
E02000940,Wandsworth 018,5.26,76,-0.6482353159262282,0.022,Cold Spot
E02000941,Wandsworth 019,5.0,20,-0.6051229930838633,0.037,Cold Spot
E02000942,Wandsworth 020,0.0,33,-0.8299047405831923,0.005,Cold Spot
E02000943,Wandsworth 021,2.44,123,-0.8517706693282632,0.002,Cold Spot
E02000944,Wandsworth 022,0.0,3,-0.8622663151258972,0.011,Cold Spot
E02000945,Wandsworth 023,2.7,37,-0.8490009850205542,0.001,Cold Spot
E02000946,Wandsworth 024,1.69,59,-0.7122660439347107,0.02,Cold Spot
E02000947,Wandsworth 025,0.0,41,-0.6370472490516667,0.058,Not Significant
E02000948,Wandsworth 026,0.0,8,-0.5062707735488551,0.04,Cold Spot
E02000949,Wandsworth 027,1.82,55,-0.48910237516251687,0.067,Not Significant
E02000950,Wandsworth 028,0.0,5,-0.8393070899435727,0.004,Cold Spot
E02000951,Wandsworth 029,7.55,53,-0.07285162260697443,0.438,Not Significant
E02000952,Wandsworth 030,5.26,19,-0.24726520324203244,0.329,Not Significant
E02000953,Wandsworth 031,0.0,42,-0.633694473310756,0.096,Not Significant
E02000954,Wandsworth 032,8.16,49,-0.35582407297912344,0.116,Not Significant
E02000955,Wandsworth 033,2.86,35,-0.3918573013902716,0.225,Not Significant
E02000956,Wandsworth 034,3.7,54,-0.5125207848484881,0.107,Not Significant
E02000957,Wandsworth 035,5.14,175,-0.4254670560321743,0.106,Not Significant
E02000958,Wandsworth 036,0.0,9,-0.499255454743145,0.195,Not Significant
E02000959,Wandsworth 037,0.0,32,-0.3961940439247107,0.298,Not Significant
E02000960,Westminster 001,5.0,40,-0.007527160481074945,0.437,Not Significant
E02000961,Westminster 002,2.94,34,0.5558484936356773,0.042,Hot Spot
E02000962,Westminster 003,4.55,22,0.3081439641685986,0.169,Not Significant
E02000963,Westminster 004,17.39,23,0.5336545759594303,0.36,Not Significant
E02000964,Westminster 005,14.52,62,0.8629554628601983,0.039,Hot Spot
E02000965,Westminster 006,28.57,28,0.8410530909005522,0.215,Not Significant
E02000966,Westminster 007,8.51,47,1.0237064823510447,0.016,Hot Spot
E02000967,Westminster 008,3.85,130,0.29400399691345325,0.156,Not Significant
E02000968,Westminster 009,24.27,103,0.4314860238980863,0.38,Not Significant
E02000969,Westminster 010,8.33,36,0.8181788998855697,0.011,Hot Spot
E02000970,Westminster 011,5.19,366,-0.04907242509670948,0.48,Not Significant
E02000971,Westminster 012,6.54,153,0.3956441223634576,0.143,Not Significant
E02000972,Westminster 013,5.76,1094,0.10533747505806593,0.339,Not Significant
E02000973,Westminster 014,5.88,68,-0.008693343347478935,0.457,Not Significant
E02000974,Westminster 015,7.62,210,0.6401853808054158,0.081,Not Significant
E02000975,Westminster 016,8.27,133,0.5994710214820939,0.065,Not Significant
E02000976,Westminster 017,11.18,152,-0.042111771112862274,0.372,Not Significant
E02000977,Westminster 018,7.29,1221,-0.001623359719905425,0.48,Not Significant
E02000978,Westminster 019,5.08,118,-0.19819805913809327,0.242,Not Significant
E02000979,Westminster 020,7.84,268,-0.1265506992834112,0.372,Not Significant
E02000980,Westminster 021,2.33,43,0.18543966069417572,0.203,Not Significant
E02000981,Westminster 022,7.37,95,0.02579651492641306,0.457,Not Significant
E02000982,Westminster 023,2.17,138,-0.025275005979157678,0.376,Not Significant
E02000983,Westminster 024,12.0,25,-0.16553036159295742,0.224,Not Significant
E02006782,Bromley 040,0.0,14,-0.343196499128845,0.277,Not Significant
E02006783,Lewisham 037,0.0,22,-0.4291022666860423,0.226,Not Significant
E02006784,Lewisham 038,5.41,37,-0.667495554829178,0.007,Cold Spot
E02006785,Bexley 029,11.11,9,-0.3243644679971525,0.108,Not Significant
E02006786,Greenwich 033,0.0,20,-0.18114263471693803,0.497,Not Significant
E02006787,Bromley 041,2.63,38,-0.8874121331827287,0.001,Cold Spot
E02006788,Croydon 045,0.0,9,-0.5686068920795947,0.106,Not Significant
E02006789,Bromley 042,0.0,35,-0.5769979422355158,0.066,Not Significant
E02006791,Ealing 040,26.67,15,0.7604917207607964,0.325,Not Significant
E02006792,Hounslow 029,2.19,137,0.6905426147053141,0.019,Hot Spot
E02006793,Enfield 037,10.0,60,0.2688581788566212,0.257,Not Significant
E02006794,Haringey 037,3.8,79,-0.22662376650668553,0.346,Not Significant
E02006795,Harrow 032,11.43,35,0.5122259657892608,0.145,Not Significant
E02006796,Hillingdon 033,3.7,54,0.0898939620508105,0.306,Not Significant
E02006798,Lewisham 039,7.75,129,-0.28413115910622205,0.205,Not Significant
E02006799,Barking and Dagenham 023,6.94,72,0.07217414979470846,0.394,Not Significant
E02006800,Redbridge 034,10.87,46,0.5033483987187619,0.076,Not Significant
E02006801,Lambeth 036,2.11,237,-0.2752754579644684,0.455,Not Significant
E02006802,Southwark 034,0.0,77,-0.46456151446763244,0.224,Not Significant
E02006836,Sutton 025,14.29,14,-0.33848985796646835,0.043,Cold Spot
E02006853,Tower Hamlets 032,4.0,25,0.11579667764112508,0.291,Not Significant
E02006854,Tower Hamlets 033,2.63,266,-0.03956074609260404,0.396,Not Significant
E02006882,Harrow 033,2.17,46,-0.047060759652163164,0.43,Not Significant
E02006918,Hackney 028,8.33,12,1.1122270505540068,0.006,Hot Spot
E02006921,Hackney 029,15.0,20,0.8964103338401569,0.05,Not Significant
E02006924,Redbridge 035,11.76,51,0.5890968530663764,0.062,Not Significant
E02006925,Redbridge 036,11.54,26,-0.010369731217934018,0.4,Not Significant
E02006927,Greenwich 034,0.0,28,-0.6634776904222712,0.032,Cold Spot
E02006928,Greenwich 035,0.0,74,-0.23854069767274919,0.444,Not Significant
E02006930,Greenwich 037,1.15,87,-0.46405130946358086,0.193,Not Significant
E02006931,Greenwich 038,0.0,156,-0.4107348865401828,0.105,Not Significant
E02006941,Southwark 035,0.73,137,-0.5965515490157953,0.15,Not Significant
E02006942,Southwark 036,0.0,85,-0.5947913417518171,0.219,Not Significant
E02006953,Barnet 042,18.18,11,1.3198804872030303,0.013,Hot Spot
E02006954,Barnet 043,10.81,37,0.5180933233358546,0.135,Not Significant
E02006955,Brent 035,0.96,104,-0.20601512866445634,0.447,Not Significant
E02006956,Brent 036,3.7,27,-0.34535575959242065,0.226,Not Significant
E02006968,Ealing 041,10.26,39,1.2013853750120336,0.002,Hot Spot
E02006969,Ealing 042,7.46,134,1.3209008972111336,0.004,Hot Spot
E02006970,Ealing 043,27.16,81,2.7716688262320144,0.001,Hot Spot
E02006971,Ealing 044,30.0,30,1.7025342402417716,0.004,Hot Spot
E02006972,Hounslow 030,8.0,25,0.7385383283007448,0.034,Hot Spot
E02006973,Hounslow 031,0.0,40,0.23824587861352228,0.137,Not Significant
E02006987,Croydon 046,1.18,169,0.802022408090601,0.018,Hot Spot
E02006988,Croydon 047,8.96,67,0.1456436703781467,0.371,Not Significant
E02006991,Greenwich 039,12.9,62,-0.005428031321548091,0.334,Not Significant
E02006992,Greenwich 040,1.92,104,-0.7180058502302918,0.065,Not Significant
E02006993,Greenwich 041,2.86,35,-0.04670361614932723,0.409,Not Significant
E02006994,Greenwich 042,4.96,121,0.1564673051069568,0.265,Not Significant
E02006995,Newham 038,0.0,36,-0.08602584467587947,0.392,Not Significant
E02006996,Newham 039,4.55,132,0.7708999028434498,0.013,Hot Spot
E02006997,Newham 040,6.67,30,-0.040836258602732996,0.487,Not Significant
E02006998,Newham 041,8.11,37,0.08579662340288774,0.412,Not Significant
E02006999,Newham 042,1.96,51,-0.004739254566078511,0.311,Not Significant
E02007008,Lewisham 040,3.23,31,-0.25869379533278963,0.357,Not Significant
E02007009,Lewisham 041,10.99,91,-0.2350542968117296,0.152,Not Significant
E02007017,Redbridge 037,0.0,4,0.09385786246690396,0.216,Not Significant
E02007018,Redbridge 038,6.9,29,0.12406199870676188,0.347,Not Significant
E02007019,Redbridge 039,13.29,143,0.9974309246423843,0.007,Hot Spot
E02007020,Redbridge 040,8.33,12,1.0350840539413964,0.022,Hot Spot
E02007083,Wandsworth 038,0.0,114,-0.5243830511926889,0.282,Not Significant
E02007084,Wandsworth 039,5.43,92,-0.3037619040240192,0.184,Not Significant
E02007108,Hackney 030,0.76,132,-0.5581841327111112,0.119,Not Significant
E02007109,Hackney 031,2.27,44,-0.5505310576503362,0.1,Not Significant
E02007110,Hackney 032,3.28,61,-0.23838763617153363,0.402,Not Significant
E02007111,Hackney 033,3.47,259,-0.23403388680362638,0.304,Not Significant
E02007112,Tower Hamlets 034,4.35,23,-0.45091353060925055,0.197,Not Significant
E02007113,Tower Hamlets 035,5.66,53,-0.30843878322782603,0.234,Not Significant
E02007114,Tower Hamlets 036,5.71,35,0.048449617106306526,0.383,Not Significant
E02007115,Camden 029,11.34,194,0.29640924907541094,0.253,Not Significant
